Workbook

Sheet Pricelist
A1: NOZZLEWORKS PRICELIST - AKBO / ARBO WASHDOWN GUNS & FITTINGS
A2: Built from AKBO price list "PRICE LIST, VALID FROM 15-08-2026". Item order and quantity breaks follow AKBO's list. Prices NZD, GST exclusive.
A4: INPUTS (edit yellow cells)
A5: Exchange rate (EUR per 1 NZD) | C5: 0.46 | D5: Per Andrew 28-Sep-2026 - to be reviewed. NZD cost = EUR / rate. | L5: Items listed | M5: =COUNT(F14:F242)
A6: Freight rate (NZD per kg) | C6: 30 | D6: Per Andrew 28-Sep-2026 - placeholder, to be updated. | L6: No NW part no. | M6: =COUNTIF(B14:B242,"NOT ASSIGNED")
A7: Volumetric weight factor (% on net weight) | C7: 0.25 | D7: Per Andrew 30-Sep-2026 - freight kg = net weight x (1 + factor). | L7: Estimated weights | M7: =COUNTIF(E14:E242,"ESTIMATE*")
A8: Tax / duty allowance (% of product cost) | C8: 0.01 | D8: Per Andrew 28-Sep-2026 - 1% on NZD product cost.
A9: List price markup (% on landed cost) | C9: 3.5 | D9: Per Andrew 30-Sep-2026 - 350% default, to be reviewed. List = landed x (1 + markup).
A10: Landed cost / pc = EUR price / FX x (1 + duty) + net weight kg x (1 + volumetric factor) x freight rate. List price / pc = landed cost x (1 + markup %).
A11: Legend: red Nozzleworks Part No = no NW part number assigned yet | amber weight = ESTIMATE, not printed in AKBO 2026 catalogue | blank price = AKBO gives no price at that break
A13: AKBO Product code | B13: Nozzleworks Part No | C13: Description | D13: Net weight (kg) | E13: Weight source | F13: Supplier price EUR / pc | I13: Landed cost NZD / pc | L13: List price NZD / pc (ex GST) | O13: Flags / notes
A15: Heavy duty spray guns
A17: Qty break | F17: < 20 pcs | G17: ≥ 20 pcs | H17: ≥ 50 pcs | I17: < 20 pcs | J17: ≥ 20 pcs | K17: ≥ 50 pcs | L17: < 20 pcs | M17: ≥ 20 pcs | N17: ≥ 50 pcs
A18: AKNN001-B | B18: =IFERROR(INDEX(Conversion!$C$2:$C$500,MATCH($A18,Conversion!$B$2:$B$500,0)),"NOT ASSIGNED") | C18: Water gun with glass reinforced PA66 blue body. Stainless shaft with EPDM and VITON O-ring | D18: 0.48 | E18: Cat p.16/17 | F18: 29.74 | G18: 26.43 | I18: =IF(F18="","",F18/$C$5*(1+$C$8)+$D18*(1+$C$7)*$C$6) | J18: =IF(G18="","",G18/$C$5*(1+$C$8)+$D18*(1+$C$7)*$C$6) | K18: =IF(H18="","",H18/$C$5*(1+$C$8)+$D18*(1+$C$7)*$C$6) | L18: =IF(I18="","",ROUND(I18*(1+$C$9),2)) | M18: =IF(J18="","",ROUND(J18*(1+$C$9),2)) | N18: =IF(K18="","",ROUND(K18*(1+$C$9),2)) | O18: =TRIM(IF($B18="NOT ASSIGNED","No NW part no. ","")&IFERROR(IF(INDEX(Conversion!$J$2:$J$500,MATCH($A18,Conversion!$B$2:$B$500,0))="Needs review","Conversion table: needs review. ",""),"")&IF(LEFT($E18,8)="ESTIMATE","Weight estimated. ","")&"")
A19: BMFT001-B | B19: =IFERROR(INDEX(Conversion!$C$2:$C$500,MATCH($A19,Conversion!$B$2:$B$500,0)),"NOT ASSIGNED") | C19: Blue Princess economic brass water gun, blue | D19: 0.463 | E19: Cat p.C (Blue Princess) | F19: 22.47399 | G19: 19.97688 | I19: =IF(F19="","",F19/$C$5*(1+$C$8)+$D19*(1+$C$7)*$C$6) | J19: =IF(G19="","",G19/$C$5*(1+$C$8)+$D19*(1+$C$7)*$C$6) | K19: =IF(H19="","",H19/$C$5*(1+$C$8)+$D19*(1+$C$7)*$C$6) | L19: =IF(I19="","",ROUND(I19*(1+$C$9),2)) | M19: =IF(J19="","",ROUND(J19*(1+$C$9),2)) | N19: =IF(K19="","",ROUND(K19*(1+$C$9),2)) | O19: =TRIM(IF($B19="NOT ASSIGNED","No NW part no. ","")&IFERROR(IF(INDEX(Conversion!$J$2:$J$500,MATCH($A19,Conversion!$B$2:$B$500,0))="Needs review","Conversion table: needs review. ",""),"")&IF(LEFT($E19,8)="ESTIMATE","Weight estimated. ","")&"")
A20: BMFT001-B-PRIN | B20: =IFERROR(INDEX(Conversion!$C$2:$C$500,MATCH($A20,Conversion!$B$2:$B$500,0)),"NOT ASSIGNED") | C20: Blue Princess economic brass water gun, blue with PRINCESS logo | D20: 0.463 | E20: Cat p.C - same gun as BMFT001-B, logo only | F20: 22.52052 | G20: 20.01824 | I20: =IF(F20="","",F20/$C$5*(1+$C$8)+$D20*(1+$C$7)*$C$6) | J20: =IF(G20="","",G20/$C$5*(1+$C$8)+$D20*(1+$C$7)*$C$6) | K20: =IF(H20="","",H20/$C$5*(1+$C$8)+$D20*(1+$C$7)*$C$6) | L20: =IF(I20="","",ROUND(I20*(1+$C$9),2)) | M20: =IF(J20="","",ROUND(J20*(1+$C$9),2)) | N20: =IF(K20="","",ROUND(K20*(1+$C$9),2)) | O20: =TRIM(IF($B20="NOT ASSIGNED","No NW part no. ","")&IFERROR(IF(INDEX(Conversion!$J$2:$J$500,MATCH($A20,Conversion!$B$2:$B$500,0))="Needs review","Conversion table: needs review. ",""),"")&IF(LEFT($E20,8)="ESTIMATE","Weight estimated. ","")&"")
A21: BMFTP11-B-PRIN | B21: =IFERROR(INDEX(Conversion!$C$2:$C$500,MATCH($A21,Conversion!$B$2:$B$500,0)),"NOT ASSIGNED") | C21: Princess economic brass water gun with trigger guard and trigger insulation, blue with PRINCESS logo | D21: 0.59 | E21: Cat p.C | F21: 30.38409 | G21: 27.00808 | I21: =IF(F21="","",F21/$C$5*(1+$C$8)+$D21*(1+$C$7)*$C$6) | J21: =IF(G21="","",G21/$C$5*(1+$C$8)+$D21*(1+$C$7)*$C$6) | K21: =IF(H21="","",H21/$C$5*(1+$C$8)+$D21*(1+$C$7)*$C$6) | L21: =IF(I21="","",ROUND(I21*(1+$C$9),2)) | M21: =IF(J21="","",ROUND(J21*(1+$C$9),2)) | N21: =IF(K21="","",ROUND(K21*(1+$C$9),2)) | O21: =TRIM(IF($B21="NOT ASSIGNED","No NW part no. ","")&IFERROR(IF(INDEX(Conversion!$J$2:$J$500,MATCH($A21,Conversion!$B$2:$B$500,0))="Needs review","Conversion table: needs review. ",""),"")&IF(LEFT($E21,8)="ESTIMATE","Weight estimated. ","")&"")
A22: KLMN001-B | B22: =IFERROR(INDEX(Conversion!$C$2:$C$500,MATCH($A22,Conversion!$B$2:$B$500,0)),"NOT ASSIGNED") | C22: Brass water gun, without trigger insulation, blue | D22: 0.84 | E22: Cat p.9 | F22: 28.14 | G22: 25.02 | I22: =IF(F22="","",F22/$C$5*(1+$C$8)+$D22*(1+$C$7)*$C$6) | J22: =IF(G22="","",G22/$C$5*(1+$C$8)+$D22*(1+$C$7)*$C$6) | K22: =IF(H22="","",H22/$C$5*(1+$C$8)+$D22*(1+$C$7)*$C$6) | L22: =IF(I22="","",ROUND(I22*(1+$C$9),2)) | M22: =IF(J22="","",ROUND(J22*(1+$C$9),2)) | N22: =IF(K22="","",ROUND(K22*(1+$C$9),2)) | O22: =TRIM(IF($B22="NOT ASSIGNED","No NW part no. ","")&IFERROR(IF(INDEX(Conversion!$J$2:$J$500,MATCH($A22,Conversion!$B$2:$B$500,0))="Needs review","Conversion table: needs review. ",""),"")&IF(LEFT($E22,8)="ESTIMATE","Weight estimated. ","")&"")
A23: KLMN001-R | B23: =IFERROR(INDEX(Conversion!$C$2:$C$500,MATCH($A23,Conversion!$B$2:$B$500,0)),"NOT ASSIGNED") | C23: Brass water gun without trigger insulation, red | D23: 0.84 | E23: Cat p.9 | F23: 29.08 | G23: 25.85 | I23: =IF(F23="","",F23/$C$5*(1+$C$8)+$D23*(1+$C$7)*$C$6) | J23: =IF(G23="","",G23/$C$5*(1+$C$8)+$D23*(1+$C$7)*$C$6) | K23: =IF(H23="","",H23/$C$5*(1+$C$8)+$D23*(1+$C$7)*$C$6) | L23: =IF(I23="","",ROUND(I23*(1+$C$9),2)) | M23: =IF(J23="","",ROUND(J23*(1+$C$9),2)) | N23: =IF(K23="","",ROUND(K23*(1+$C$9),2)) | O23: =TRIM(IF($B23="NOT ASSIGNED","No NW part no. ","")&IFERROR(IF(INDEX(Conversion!$J$2:$J$500,MATCH($A23,Conversion!$B$2:$B$500,0))="Needs review","Conversion table: needs review. ",""),"")&IF(LEFT($E23,8)="ESTIMATE","Weight estimated. ","")&"")
A24: KLMN001-G | B24: =IFERROR(INDEX(Conversion!$C$2:$C$500,MATCH($A24,Conversion!$B$2:$B$500,0)),"NOT ASSIGNED") | C24: Brass water gun, without trigger insulation, green | D24: 0.84 | E24: Cat p.9 | F24: 29.08 | G24: 25.85 | I24: =IF(F24="","",F24/$C$5*(1+$C$8)+$D24*(1+$C$7)*$C$6) | J24: =IF(G24="","",G24/$C$5*(1+$C$8)+$D24*(1+$C$7)*$C$6) | K24: =IF(H24="","",H24/$C$5*(1+$C$8)+$D24*(1+$C$7)*$C$6) | L24: =IF(I24="","",ROUND(I24*(1+$C$9),2)) | M24: =IF(J24="","",ROUND(J24*(1+$C$9),2)) | N24: =IF(K24="","",ROUND(K24*(1+$C$9),2)) | O24: =TRIM(IF($B24="NOT ASSIGNED","No NW part no. ","")&IFERROR(IF(INDEX(Conversion!$J$2:$J$500,MATCH($A24,Conversion!$B$2:$B$500,0))="Needs review","Conversion table: needs review. ",""),"")&IF(LEFT($E24,8)="ESTIMATE","Weight estimated. ","")&"")
A25: KLMN001-BL | B25: =IFERROR(INDEX(Conversion!$C$2:$C$500,MATCH($A25,Conversion!$B$2:$B$500,0)),"NOT ASSIGNED") | C25: Brass water gun, without trigger insulation, black | D25: 0.84 | E25: Cat p.9 | F25: 29.08 | G25: 25.85 | I25: =IF(F25="","",F25/$C$5*(1+$C$8)+$D25*(1+$C$7)*$C$6) | J25: =IF(G25="","",G25/$C$5*(1+$C$8)+$D25*(1+$C$7)*$C$6) | K25: =IF(H25="","",H25/$C$5*(1+$C$8)+$D25*(1+$C$7)*$C$6) | L25: =IF(I25="","",ROUND(I25*(1+$C$9),2)) | M25: =IF(J25="","",ROUND(J25*(1+$C$9),2)) | N25: =IF(K25="","",ROUND(K25*(1+$C$9),2)) | O25: =TRIM(IF($B25="NOT ASSIGNED","No NW part no. ","")&IFERROR(IF(INDEX(Conversion!$J$2:$J$500,MATCH($A25,Conversion!$B$2:$B$500,0))="Needs review","Conversion table: needs review. ",""),"")&IF(LEFT($E25,8)="ESTIMATE","Weight estimated. ","")&"")
A26: KLMN001-Y | B26: =IFERROR(INDEX(Conversion!$C$2:$C$500,MATCH($A26,Conversion!$B$2:$B$500,0)),"NOT ASSIGNED") | C26: Brass water gun, without trigger insulation, yellow | D26: 0.84 | E26: Cat p.9 | F26: 29.08 | G26: 25.85 | I26: =IF(F26="","",F26/$C$5*(1+$C$8)+$D26*(1+$C$7)*$C$6) | J26: =IF(G26="","",G26/$C$5*(1+$C$8)+$D26*(1+$C$7)*$C$6) | K26: =IF(H26="","",H26/$C$5*(1+$C$8)+$D26*(1+$C$7)*$C$6) | L26: =IF(I26="","",ROUND(I26*(1+$C$9),2)) | M26: =IF(J26="","",ROUND(J26*(1+$C$9),2)) | N26: =IF(K26="","",ROUND(K26*(1+$C$9),2)) | O26: =TRIM(IF($B26="NOT ASSIGNED","No NW part no. ","")&IFERROR(IF(INDEX(Conversion!$J$2:$J$500,MATCH($A26,Conversion!$B$2:$B$500,0))="Needs review","Conversion table: needs review. ",""),"")&IF(LEFT($E26,8)="ESTIMATE","Weight estimated. ","")&"")
A27: KLMN001-W | B27: =IFERROR(INDEX(Conversion!$C$2:$C$500,MATCH($A27,Conversion!$B$2:$B$500,0)),"NOT ASSIGNED") | C27: Brass water gun, without trigger insulation, white | D27: 0.84 | E27: Cat p.9 | F27: 29.08 | G27: 25.85 | I27: =IF(F27="","",F27/$C$5*(1+$C$8)+$D27*(1+$C$7)*$C$6) | J27: =IF(G27="","",G27/$C$5*(1+$C$8)+$D27*(1+$C$7)*$C$6) | K27: =IF(H27="","",H27/$C$5*(1+$C$8)+$D27*(1+$C$7)*$C$6) | L27: =IF(I27="","",ROUND(I27*(1+$C$9),2)) | M27: =IF(J27="","",ROUND(J27*(1+$C$9),2)) | N27: =IF(K27="","",ROUND(K27*(1+$C$9),2)) | O27: =TRIM(IF($B27="NOT ASSIGNED","No NW part no. ","")&IFERROR(IF(INDEX(Conversion!$J$2:$J$500,MATCH($A27,Conversion!$B$2:$B$500,0))="Needs review","Conversion table: needs review. ",""),"")&IF(LEFT($E27,8)="ESTIMATE","Weight estimated. ","")&"")
A29: AKMN001-B | B29: =IFERROR(INDEX(Conversion!$C$2:$C$500,MATCH($A29,Conversion!$B$2:$B$500,0)),"NOT ASSIGNED") | C29: Brass water gun, blue | D29: 0.835 | E29: Cat p.11 | F29: 29.24 | G29: 25.99 | I29: =IF(F29="","",F29/$C$5*(1+$C$8)+$D29*(1+$C$7)*$C$6) | J29: =IF(G29="","",G29/$C$5*(1+$C$8)+$D29*(1+$C$7)*$C$6) | K29: =IF(H29="","",H29/$C$5*(1+$C$8)+$D29*(1+$C$7)*$C$6) | L29: =IF(I29="","",ROUND(I29*(1+$C$9),2)) | M29: =IF(J29="","",ROUND(J29*(1+$C$9),2)) | N29: =IF(K29="","",ROUND(K29*(1+$C$9),2)) | O29: =TRIM(IF($B29="NOT ASSIGNED","No NW part no. ","")&IFERROR(IF(INDEX(Conversion!$J$2:$J$500,MATCH($A29,Conversion!$B$2:$B$500,0))="Needs review","Conversion table: needs review. ",""),"")&IF(LEFT($E29,8)="ESTIMATE","Weight estimated. ","")&"")
A30: AKMN001-R | B30: =IFERROR(INDEX(Conversion!$C$2:$C$500,MATCH($A30,Conversion!$B$2:$B$500,0)),"NOT ASSIGNED") | C30: Brass water gun, red | D30: 0.835 | E30: Cat p.11 | F30: 30.17 | G30: 26.82 | I30: =IF(F30="","",F30/$C$5*(1+$C$8)+$D30*(1+$C$7)*$C$6) | J30: =IF(G30="","",G30/$C$5*(1+$C$8)+$D30*(1+$C$7)*$C$6) | K30: =IF(H30="","",H30/$C$5*(1+$C$8)+$D30*(1+$C$7)*$C$6) | L30: =IF(I30="","",ROUND(I30*(1+$C$9),2)) | M30: =IF(J30="","",ROUND(J30*(1+$C$9),2)) | N30: =IF(K30="","",ROUND(K30*(1+$C$9),2)) | O30: =TRIM(IF($B30="NOT ASSIGNED","No NW part no. ","")&IFERROR(IF(INDEX(Conversion!$J$2:$J$500,MATCH($A30,Conversion!$B$2:$B$500,0))="Needs review","Conversion table: needs review. ",""),"")&IF(LEFT($E30,8)="ESTIMATE","Weight estimated. ","")&"")
... A44: AKMB001-BL | B44: =IFERROR(INDEX(Conversion!$C$2:$C$500,MATCH($A44,Conversion!$B$2:$B$500,0)),"NOT ASSIGNED") | C44: Brass water gun, big flow, black | D44: 0.84 | E44: Cat p.20 | F44: 36.4485 | G44: 32.81 | I44: =IF(F44="","",F44/$C$5*(1+$C$8)+$D44*(1+$C$7)*$C$6) | J44: =IF(G44="","",G44/$C$5*(1+$C$8)+$D44*(1+$C$7)*$C$6) | K44: =IF(H44="","",H44/$C$5*(1+$C$8)+$D44*(1+$C$7)*$C$6) | L44: =IF(I44="","",ROUND(I44*(1+$C$9),2)) | M44: =IF(J44="","",ROUND(J44*(1+$C$9),2)) | N44: =IF(K44="","",ROUND(K44*(1+$C$9),2)) | O44: =TRIM(IF($B44="NOT ASSIGNED","No NW part no. ","")&IFERROR(IF(INDEX(Conversion!$J$2:$J$500,MATCH($A44,Conversion!$B$2:$B$500,0))="Needs review","Conversion table: needs review. ",""),"")&IF(LEFT($E44,8)="ESTIMATE","Weight estimated. ","")&"")
A45: AKMBP01-BL | B45: =IFERROR(INDEX(Conversion!$C$2:$C$500,MATCH($A45,Conversion!$B$2:$B$500,0)),"NOT ASSIGNED") | C45: Brass water gun, big flow, with trigger protection, black | D45: 1.036 | E45: ESTIMATE - not tabulated; AKMB001-BL + trigger guard (AKMN delta) | F45: 38.88874 | G45: 35 | I45: =IF(F45="","",F45/$C$5*(1+$C$8)+$D45*(1+$C$7)*$C$6) | J45: =IF(G45="","",G45/$C$5*(1+$C$8)+$D45*(1+$C$7)*$C$6) | K45: =IF(H45="","",H45/$C$5*(1+$C$8)+$D45*(1+$C$7)*$C$6) | L45: =IF(I45="","",ROUND(I45*(1+$C$9),2)) | M45: =IF(J45="","",ROUND(J45*(1+$C$9),2)) | N45: =IF(K45="","",ROUND(K45*(1+$C$9),2)) | O45: =TRIM(IF($B45="NOT ASSIGNED","No NW part no. ","")&IFERROR(IF(INDEX(Conversion!$J$2:$J$500,MATCH($A45,Conversion!$B$2:$B$500,0))="Needs review","Conversion table: needs review. ",""),"")&IF(LEFT($E45,8)="ESTIMATE","Weight estimated. ","")&"Catalogue only lists AKMBP01-B-SWM14-3/4 (with swivel) - confirm model.")
A46: AKRB001-BL | B46: =IFERROR(INDEX(Conversion!$C$2:$C$500,MATCH($A46,Conversion!$B$2:$B$500,0)),"NOT ASSIGNED") | C46: Stainless steel water gun, high flow, black | D46: 0.84 | E46: ESTIMATE - not tabulated; taken as AKMB001-BL | F46: 84.8 | G46: 75.38 | I46: =IF(F46="","",F46/$C$5*(1+$C$8)+$D46*(1+$C$7)*$C$6) | J46: =IF(G46="","",G46/$C$5*(1+$C$8)+$D46*(1+$C$7)*$C$6) | K46: =IF(H46="","",H46/$C$5*(1+$C$8)+$D46*(1+$C$7)*$C$6) | L46: =IF(I46="","",ROUND(I46*(1+$C$9),2)) | M46: =IF(J46="","",ROUND(J46*(1+$C$9),2)) | N46: =IF(K46="","",ROUND(K46*(1+$C$9),2)) | O46: =TRIM(IF($B46="NOT ASSIGNED","No NW part no. ","")&IFERROR(IF(INDEX(Conversion!$J$2:$J$500,MATCH($A46,Conversion!$B$2:$B$500,0))="Needs review","Conversion table: needs review. ",""),"")&IF(LEFT($E46,8)="ESTIMATE","Weight estimated. ","")&"")
A48: AKCN001-B | B48: =IFERROR(INDEX(Conversion!$C$2:$C$500,MATCH($A48,Conversion!$B$2:$B$500,0)),"NOT ASSIGNED") | C48: Chrome plated brass water gun, blue | D48: 0.867 | E48: Cat p.13 | F48: 36.69 | G48: 32.62 | I48: =IF(F48="","",F48/$C$5*(1+$C$8)+$D48*(1+$C$7)*$C$6) | J48: =IF(G48="","",G48/$C$5*(1+$C$8)+$D48*(1+$C$7)*$C$6) | K48: =IF(H48="","",H48/$C$5*(1+$C$8)+$D48*(1+$C$7)*$C$6) | L48: =IF(I48="","",ROUND(I48*(1+$C$9),2)) | M48: =IF(J48="","",ROUND(J48*(1+$C$9),2)) | N48: =IF(K48="","",ROUND(K48*(1+$C$9),2)) | O48: =TRIM(IF($B48="NOT ASSIGNED","No NW part no. ","")&IFERROR(IF(INDEX(Conversion!$J$2:$J$500,MATCH($A48,Conversion!$B$2:$B$500,0))="Needs review","Conversion table: needs review. ",""),"")&IF(LEFT($E48,8)="ESTIMATE","Weight estimated. ","")&"")
A49: AKCNP01-B | B49: =IFERROR(INDEX(Conversion!$C$2:$C$500,MATCH($A49,Conversion!$B$2:$B$500,0)),"NOT ASSIGNED") | C49: Chrome plated brass water gun, with trigger protection, blue | D49: 1.016 | E49: Cat p.13 | F49: 38.93 | G49: 34.6 | I49: =IF(F49="","",F49/$C$5*(1+$C$8)+$D49*(1+$C$7)*$C$6) | J49: =IF(G49="","",G49/$C$5*(1+$C$8)+$D49*(1+$C$7)*$C$6) | K49: =IF(H49="","",H49/$C$5*(1+$C$8)+$D49*(1+$C$7)*$C$6) | L49: =IF(I49="","",ROUND(I49*(1+$C$9),2)) | M49: =IF(J49="","",ROUND(J49*(1+$C$9),2)) | N49: =IF(K49="","",ROUND(K49*(1+$C$9),2)) | O49: =TRIM(IF($B49="NOT ASSIGNED","No NW part no. ","")&IFERROR(IF(INDEX(Conversion!$J$2:$J$500,MATCH($A49,Conversion!$B$2:$B$500,0))="Needs review","Conversion table: needs review. ",""),"")&IF(LEFT($E49,8)="ESTIMATE","Weight estimated. ","")&"")
A50: AKCNP01-W | B50: =IFERROR(INDEX(Conversion!$C$2:$C$500,MATCH($A50,Conversion!$B$2:$B$500,0)),"NOT ASSIGNED") | C50: Chrome plated brass water gun, with trigger protection, white | D50: 1.016 | E50: Cat p.13 | F50: 38.93 | G50: 34.6 | I50: =IF(F50="","",F50/$C$5*(1+$C$8)+$D50*(1+$C$7)*$C$6) | J50: =IF(G50="","",G50/$C$5*(1+$C$8)+$D50*(1+$C$7)*$C$6) | K50: =IF(H50="","",H50/$C$5*(1+$C$8)+$D50*(1+$C$7)*$C$6) | L50: =IF(I50="","",ROUND(I50*(1+$C$9),2)) | M50: =IF(J50="","",ROUND(J50*(1+$C$9),2)) | N50: =IF(K50="","",ROUND(K50*(1+$C$9),2)) | O50: =TRIM(IF($B50="NOT ASSIGNED","No NW part no. ","")&IFERROR(IF(INDEX(Conversion!$J$2:$J$500,MATCH($A50,Conversion!$B$2:$B$500,0))="Needs review","Conversion table: needs review. ",""),"")&IF(LEFT($E50,8)="ESTIMATE","Weight estimated. ","")&"")
A52: BRFT003-B | B52: =IFERROR(INDEX(Conversion!$C$2:$C$500,MATCH($A52,Conversion!$B$2:$B$500,0)),"NOT ASSIGNED") | C52: Blue Princess economic stainless steel water gun, blue | D52: 0.48 | E52: Cat p.C | F52: 55.165968 | G52: 49.036416 | I52: =IF(F52="","",F52/$C$5*(1+$C$8)+$D52*(1+$C$7)*$C$6) | J52: =IF(G52="","",G52/$C$5*(1+$C$8)+$D52*(1+$C$7)*$C$6) | K52: =IF(H52="","",H52/$C$5*(1+$C$8)+$D52*(1+$C$7)*$C$6) | L52: =IF(I52="","",ROUND(I52*(1+$C$9),2)) | M52: =IF(J52="","",ROUND(J52*(1+$C$9),2)) | N52: =IF(K52="","",ROUND(K52*(1+$C$9),2)) | O52: =TRIM(IF($B52="NOT ASSIGNED","No NW part no. ","")&IFERROR(IF(INDEX(Conversion!$J$2:$J$500,MATCH($A52,Conversion!$B$2:$B$500,0))="Needs review","Conversion table: needs review. ",""),"")&IF(LEFT($E52,8)="ESTIMATE","Weight estimated. ","")&"")
A53: BRFT003-B-PRIN | B53: =IFERROR(INDEX(Conversion!$C$2:$C$500,MATCH($A53,Conversion!$B$2:$B$500,0)),"NOT ASSIGNED") | C53: Blue Princess economic stainless steel water gun, blue with PRINCESS logo | D53: 0.48 | E53: Cat p.C - same gun as BRFT003-B, logo only | F53: 55.212498 | G53: 49.077776 | I53: =IF(F53="","",F53/$C$5*(1+$C$8)+$D53*(1+$C$7)*$C$6) | J53: =IF(G53="","",G53/$C$5*(1+$C$8)+$D53*(1+$C$7)*$C$6) | K53: =IF(H53="","",H53/$C$5*(1+$C$8)+$D53*(1+$C$7)*$C$6) | L53: =IF(I53="","",ROUND(I53*(1+$C$9),2)) | M53: =IF(J53="","",ROUND(J53*(1+$C$9),2)) | N53: =IF(K53="","",ROUND(K53*(1+$C$9),2)) | O53: =TRIM(IF($B53="NOT ASSIGNED","No NW part no. ","")&IFERROR(IF(INDEX(Conversion!$J$2:$J$500,MATCH($A53,Conversion!$B$2:$B$500,0))="Needs review","Conversion table: needs review. ",""),"")&IF(LEFT($E53,8)="ESTIMATE","Weight estimated. ","")&"")
A54: BRFTP03-B-PRIN | B54: =IFERROR(INDEX(Conversion!$C$2:$C$500,MATCH($A54,Conversion!$B$2:$B$500,0)),"NOT ASSIGNED") | C54: Blue Princess economic stainless steel water gun, with trigger guard and insulation trigger, bue with Princess logo | D54: 0.62 | E54: Cat p.C (catalogue code BRFTP13-B-PRIN) | F54: 71.127 | G54: 63.224 | I54: =IF(F54="","",F54/$C$5*(1+$C$8)+$D54*(1+$C$7)*$C$6) | J54: =IF(G54="","",G54/$C$5*(1+$C$8)+$D54*(1+$C$7)*$C$6) | K54: =IF(H54="","",H54/$C$5*(1+$C$8)+$D54*(1+$C$7)*$C$6) | L54: =IF(I54="","",ROUND(I54*(1+$C$9),2)) | M54: =IF(J54="","",ROUND(J54*(1+$C$9),2)) | N54: =IF(K54="","",ROUND(K54*(1+$C$9),2)) | O54: =TRIM(IF($B54="NOT ASSIGNED","No NW part no. ","")&IFERROR(IF(INDEX(Conversion!$J$2:$J$500,MATCH($A54,Conversion!$B$2:$B$500,0))="Needs review","Conversion table: needs review. ",""),"")&IF(LEFT($E54,8)="ESTIMATE","Weight estimated. ","")&"Pricelist code BRFTP03 vs catalogue/conversion BRFTP13 - confirm with AKBO.")
A55: AKRN001-B | B55: =IFERROR(INDEX(Conversion!$C$2:$C$500,MATCH($A55,Conversion!$B$2:$B$500,0)),"NOT ASSIGNED") | C55: St.st. water gun, blue | D55: 0.813 | E55: Cat p.15 | F55: 80.068824 | G55: 71.18 | I55: =IF(F55="","",F55/$C$5*(1+$C$8)+$D55*(1+$C$7)*$C$6) | J55: =IF(G55="","",G55/$C$5*(1+$C$8)+$D55*(1+$C$7)*$C$6) | K55: =IF(H55="","",H55/$C$5*(1+$C$8)+$D55*(1+$C$7)*$C$6) | L55: =IF(I55="","",ROUND(I55*(1+$C$9),2)) | M55: =IF(J55="","",ROUND(J55*(1+$C$9),2)) | N55: =IF(K55="","",ROUND(K55*(1+$C$9),2)) | O55: =TRIM(IF($B55="NOT ASSIGNED","No NW part no. ","")&IFERROR(IF(INDEX(Conversion!$J$2:$J$500,MATCH($A55,Conversion!$B$2:$B$500,0))="Needs review","Conversion table: needs review. ",""),"")&IF(LEFT($E55,8)="ESTIMATE","Weight estimated. ","")&"")
A56: AKRN001-W | B56: =IFERROR(INDEX(Conversion!$C$2:$C$500,MATCH($A56,Conversion!$B$2:$B$500,0)),"NOT ASSIGNED") | C56: St.st. water gun, white | D56: 0.813 | E56: Cat p.15 | F56: 80.068824 | G56: 71.18 | I56: =IF(F56="","",F56/$C$5*(1+$C$8)+$D56*(1+$C$7)*$C$6) | J56: =IF(G56="","",G56/$C$5*(1+$C$8)+$D56*(1+$C$7)*$C$6) | K56: =IF(H56="","",H56/$C$5*(1+$C$8)+$D56*(1+$C$7)*$C$6) | L56: =IF(I56="","",ROUND(I56*(1+$C$9),2)) | M56: =IF(J56="","",ROUND(J56*(1+$C$9),2)) | N56: =IF(K56="","",ROUND(K56*(1+$C$9),2)) | O56: =TRIM(IF($B56="NOT ASSIGNED","No NW part no. ","")&IFERROR(IF(INDEX(Conversion!$J$2:$J$500,MATCH($A56,Conversion!$B$2:$B$500,0))="Needs review","Conversion table: needs review. ",""),"")&IF(LEFT($E56,8)="ESTIMATE","Weight estimated. ","")&"")
A57: AKRNP01-B | B57: =IFERROR(INDEX(Conversion!$C$2:$C$500,MATCH($A57,Conversion!$B$2:$B$500,0)),"NOT ASSIGNED") | C57: St.st. water gun, with trigger protection, blue | D57: 0.983 | E57: Cat p.15 | F57: 82.562832 | G57: 73.39 | I57: =IF(F57="","",F57/$C$5*(1+$C$8)+$D57*(1+$C$7)*$C$6) | J57: =IF(G57="","",G57/$C$5*(1+$C$8)+$D57*(1+$C$7)*$C$6) | K57: =IF(H57="","",H57/$C$5*(1+$C$8)+$D57*(1+$C$7)*$C$6) | L57: =IF(I57="","",ROUND(I57*(1+$C$9),2)) | M57: =IF(J57="","",ROUND(J57*(1+$C$9),2)) | N57: =IF(K57="","",ROUND(K57*(1+$C$9),2)) | O57: =TRIM(IF($B57="NOT ASSIGNED","No NW part no. ","")&IFERROR(IF(INDEX(Conversion!$J$2:$J$500,MATCH($A57,Conversion!$B$2:$B$500,0))="Needs review","Conversion table: needs review. ",""),"")&IF(LEFT($E57,8)="ESTIMATE","Weight estimated. ","")&"")
A58: AKRNP01-W | B58: =IFERROR(INDEX(Conversion!$C$2:$C$500,MATCH($A58,Conversion!$B$2:$B$500,0)),"NOT ASSIGNED") | C58: St.st. water gun, with trigger protection, white | D58: 0.983 | E58: Cat p.15 | F58: 82.562832 | G58: 73.39 | I58: =IF(F58="","",F58/$C$5*(1+$C$8)+$D58*(1+$C$7)*$C$6) | J58: =IF(G58="","",G58/$C$5*(1+$C$8)+$D58*(1+$C$7)*$C$6) | K58: =IF(H58="","",H58/$C$5*(1+$C$8)+$D58*(1+$C$7)*$C$6) | L58: =IF(I58="","",ROUND(I58*(1+$C$9),2)) | M58: =IF(J58="","",ROUND(J58*(1+$C$9),2)) | N58: =IF(K58="","",ROUND(K58*(1+$C$9),2)) | O58: =TRIM(IF($B58="NOT ASSIGNED","No NW part no. ","")&IFERROR(IF(INDEX(Conversion!$J$2:$J$500,MATCH($A58,Conversion!$B$2:$B$500,0))="Needs review","Conversion table: needs review. ",""),"")&IF(LEFT($E58,8)="ESTIMATE","Weight estimated. ","")&"")
A60: AKRHP01-R | B60: =IFERROR(INDEX(Conversion!$C$2:$C$500,MATCH($A60,Conversion!$B$2:$B$500,0)),"NOT ASSIGNED") | C60: St.st. water gun with trigger protection, Teflon/air handgrip insulation, red | D60: 0.98 | E60: Cat p.22 | F60: 91.747854 | G60: 81.55 | I60: =IF(F60="","",F60/$C$5*(1+$C$8)+$D60*(1+$C$7)*$C$6) | J60: =IF(G60="","",G60/$C$5*(1+$C$8)+$D60*(1+$C$7)*$C$6) | K60: =IF(H60="","",H60/$C$5*(1+$C$8)+$D60*(1+$C$7)*$C$6) | L60: =IF(I60="","",ROUND(I60*(1+$C$9),2)) | M60: =IF(J60="","",ROUND(J60*(1+$C$9),2)) | N60: =IF(K60="","",ROUND(K60*(1+$C$9),2)) | O60: =TRIM(IF($B60="NOT ASSIGNED","No NW part no. ","")&IFERROR(IF(INDEX(Conversion!$J$2:$J$500,MATCH($A60,Conversion!$B$2:$B$500,0))="Needs review","Conversion table: needs review. ",""),"")&IF(LEFT($E60,8)="ESTIMATE","Weight estimated. ","")&"")
A61: AKRHPB1-R | B61: =IFERROR(INDEX(Conversion!$C$2:$C$500,MATCH($A61,Conversion!$B$2:$B$500,0)),"NOT ASSIGNED") | C61: St.st. water gun, big flow, with trigger protection, Teflon/air handgrip insulation, red | D61: 0.98 | E61: Cat p.22 | F61: 91.747854 | G61: 81.55 | I61: =IF(F61="","",F61/$C$5*(1+$C$8)+$D61*(1+$C$7)*$C$6) | J61: =IF(G61="","",G61/$C$5*(1+$C$8)+$D61*(1+$C$7)*$C$6) | K61: =IF(H61="","",H61/$C$5*(1+$C$8)+$D61*(1+$C$7)*$C$6) | L61: =IF(I61="","",ROUND(I61*(1+$C$9),2)) | M61: =IF(J61="","",ROUND(J61*(1+$C$9),2)) | N61: =IF(K61="","",ROUND(K61*(1+$C$9),2)) | O61: =TRIM(IF($B61="NOT ASSIGNED","No NW part no. ","")&IFERROR(IF(INDEX(Conversion!$J$2:$J$500,MATCH($A61,Conversion!$B$2:$B$500,0))="Needs review","Conversion table: needs review. ",""),"")&IF(LEFT($E61,8)="ESTIMATE","Weight estimated. ","")&"")
A62: AKRHP02-R-L40 | B62: =IFERROR(INDEX(Conversion!$C$2:$C$500,MATCH($A62,Conversion!$B$2:$B$500,0)),"NOT ASSIGNED") | C62: St.st. water gun with trigger protection, Teflon/air handgrip insulation, 40cm lance, red | D62: 1.9 | E62: Cat p.22 | F62: 143.19142 | G62: 127.28 | I62: =IF(F62="","",F62/$C$5*(1+$C$8)+$D62*(1+$C$7)*$C$6) | J62: =IF(G62="","",G62/$C$5*(1+$C$8)+$D62*(1+$C$7)*$C$6) | K62: =IF(H62="","",H62/$C$5*(1+$C$8)+$D62*(1+$C$7)*$C$6) | L62: =IF(I62="","",ROUND(I62*(1+$C$9),2)) | M62: =IF(J62="","",ROUND(J62*(1+$C$9),2)) | N62: =IF(K62="","",ROUND(K62*(1+$C$9),2)) | O62: =TRIM(IF($B62="NOT ASSIGNED","No NW part no. ","")&IFERROR(IF(INDEX(Conversion!$J$2:$J$500,MATCH($A62,Conversion!$B$2:$B$500,0))="Needs review","Conversion table: needs review. ",""),"")&IF(LEFT($E62,8)="ESTIMATE","Weight estimated. ","")&"")
A64: AKRNP01-BL-EX | B64: =IFERROR(INDEX(Conversion!$C$2:$C$500,MATCH($A64,Conversion!$B$2:$B$500,0)),"NOT ASSIGNED") | C64: St.st. water gun, with trigger protection, EX-covers, black | D64: 0.957 | E64: Cat p.23 | F64: 103.1477 | G64: 91.69 | I64: =IF(F64="","",F64/$C$5*(1+$C$8)+$D64*(1+$C$7)*$C$6) | J64: =IF(G64="","",G64/$C$5*(1+$C$8)+$D64*(1+$C$7)*$C$6) | K64: =IF(H64="","",H64/$C$5*(1+$C$8)+$D64*(1+$C$7)*$C$6) | L64: =IF(I64="","",ROUND(I64*(1+$C$9),2)) | M64: =IF(J64="","",ROUND(J64*(1+$C$9),2)) | N64: =IF(K64="","",ROUND(K64*(1+$C$9),2)) | O64: =TRIM(IF($B64="NOT ASSIGNED","No NW part no. ","")&IFERROR(IF(INDEX(Conversion!$J$2:$J$500,MATCH($A64,Conversion!$B$2:$B$500,0))="Needs review","Conversion table: needs review. ",""),"")&IF(LEFT($E64,8)="ESTIMATE","Weight estimated. ","")&"")
A65: AKRN002-LB-LAT | B65: =IFERROR(INDEX(Conversion!$C$2:$C$500,MATCH($A65,Conversion!$B$2:$B$500,0)),"NOT ASSIGNED") | C65: St.st. water gun with latex cover, light blue | D65: 0.87 | E65: Cat p.24 | F65: 114.55686 | G65: 101.83 | I65: =IF(F65="","",F65/$C$5*(1+$C$8)+$D65*(1+$C$7)*$C$6) | J65: =IF(G65="","",G65/$C$5*(1+$C$8)+$D65*(1+$C$7)*$C$6) | K65: =IF(H65="","",H65/$C$5*(1+$C$8)+$D65*(1+$C$7)*$C$6) | L65: =IF(I65="","",ROUND(I65*(1+$C$9),2)) | M65: =IF(J65="","",ROUND(J65*(1+$C$9),2)) | N65: =IF(K65="","",ROUND(K65*(1+$C$9),2)) | O65: =TRIM(IF($B65="NOT ASSIGNED","No NW part no. ","")&IFERROR(IF(INDEX(Conversion!$J$2:$J$500,MATCH($A65,Conversion!$B$2:$B$500,0))="Needs review","Conversion table: needs review. ",""),"")&IF(LEFT($E65,8)="ESTIMATE","Weight estimated. ","")&"")
A67: AKRSV01-B | B67: =IFERROR(INDEX(Conversion!$C$2:$C$500,MATCH($A67,Conversion!$B$2:$B$500,0)),"NOT ASSIGNED") | C67: Versatile stainless steel squeeze valve "Squeezer", blue | D67: 0.635 | E67: Cat p.A | F67: 63.12 | G67: 59.41 | H67: 51.98 | I67: =IF(F67="","",F67/$C$5*(1+$C$8)+$D67*(1+$C$7)*$C$6) | J67: =IF(G67="","",G67/$C$5*(1+$C$8)+$D67*(1+$C$7)*$C$6) | K67: =IF(H67="","",H67/$C$5*(1+$C$8)+$D67*(1+$C$7)*$C$6) | L67: =IF(I67="","",ROUND(I67*(1+$C$9),2)) | M67: =IF(J67="","",ROUND(J67*(1+$C$9),2)) | N67: =IF(K67="","",ROUND(K67*(1+$C$9),2)) | O67: =TRIM(IF($B67="NOT ASSIGNED","No NW part no. ","")&IFERROR(IF(INDEX(Conversion!$J$2:$J$500,MATCH($A67,Conversion!$B$2:$B$500,0))="Needs review","Conversion table: needs review. ",""),"")&IF(LEFT($E67,8)="ESTIMATE","Weight estimated. ","")&"")
A68: AKR001-B | B68: =IFERROR(INDEX(Conversion!$C$2:$C$500,MATCH($A68,Conversion!$B$2:$B$500,0)),"NOT ASSIGNED") | C68: St, st. shower head, blue | D68: 0.125 | E68: Cat p.B (catalogue code AKRS001-B) | F68: 18.28 | G68: 17.2 | H68: 15.05 | I68: =IF(F68="","",F68/$C$5*(1+$C$8)+$D68*(1+$C$7)*$C$6) | J68: =IF(G68="","",G68/$C$5*(1+$C$8)+$D68*(1+$C$7)*$C$6) | K68: =IF(H68="","",H68/$C$5*(1+$C$8)+$D68*(1+$C$7)*$C$6) | L68: =IF(I68="","",ROUND(I68*(1+$C$9),2)) | M68: =IF(J68="","",ROUND(J68*(1+$C$9),2)) | N68: =IF(K68="","",ROUND(K68*(1+$C$9),2)) | O68: =TRIM(IF($B68="NOT ASSIGNED","No NW part no. ","")&IFERROR(IF(INDEX(Conversion!$J$2:$J$500,MATCH($A68,Conversion!$B$2:$B$500,0))="Needs review","Conversion table: needs review. ",""),"")&IF(LEFT($E68,8)="ESTIMATE","Weight estimated. ","")&"Catalogue code is AKRS001-B - confirm with AKBO.")
A70: Baby water guns
A72: Qty break | F72: < 20 pcs | G72: ≥ 20 pcs | I72: < 20 pcs | J72: ≥ 20 pcs | L72: < 20 pcs | M72: ≥ 20 pcs
A73: Baby water guns "aluminium"
A75: BABTN01-B | B75: =IFERROR(INDEX(Conversion!$C$2:$C$500,MATCH($A75,Conversion!$B$2:$B$500,0)),"NOT ASSIGNED") | C75: Aluminium "baby" water gun, back trigger, blue | D75: 0.36 | E75: Cat p.18 | F75: 19.458846 | G75: 17.296752 | I75: =IF(F75="","",F75/$C$5*(1+$C$8)+$D75*(1+$C$7)*$C$6) | J75: =IF(G75="","",G75/$C$5*(1+$C$8)+$D75*(1+$C$7)*$C$6) | K75: =IF(H75="","",H75/$C$5*(1+$C$8)+$D75*(1+$C$7)*$C$6) | L75: =IF(I75="","",ROUND(I75*(1+$C$9),2)) | M75: =IF(J75="","",ROUND(J75*(1+$C$9),2)) | N75: =IF(K75="","",ROUND(K75*(1+$C$9),2)) | O75: =TRIM(IF($B75="NOT ASSIGNED","No NW part no. ","")&IFERROR(IF(INDEX(Conversion!$J$2:$J$500,MATCH($A75,Conversion!$B$2:$B$500,0))="Needs review","Conversion table: needs review. ",""),"")&IF(LEFT($E75,8)="ESTIMATE","Weight estimated. ","")&"")
A76: BABTLF1-BL | B76: =IFERROR(INDEX(Conversion!$C$2:$C$500,MATCH($A76,Conversion!$B$2:$B$500,0)),"NOT ASSIGNED") | C76: Aluminium "baby" water gun, back trigger, 1/2" female outlet, black | D76: 0.365 | E76: Cat p.37 | F76: 20.56626 | G76: 18.28112 | I76: =IF(F76="","",F76/$C$5*(1+$C$8)+$D76*(1+$C$7)*$C$6) | J76: =IF(G76="","",G76/$C$5*(1+$C$8)+$D76*(1+$C$7)*$C$6) | K76: =IF(H76="","",H76/$C$5*(1+$C$8)+$D76*(1+$C$7)*$C$6) | L76: =IF(I76="","",ROUND(I76*(1+$C$9),2)) | M76: =IF(J76="","",ROUND(J76*(1+$C$9),2)) | N76: =IF(K76="","",ROUND(K76*(1+$C$9),2)) | O76: =TRIM(IF($B76="NOT ASSIGNED","No NW part no. ","")&IFERROR(IF(INDEX(Conversion!$J$2:$J$500,MATCH($A76,Conversion!$B$2:$B$500,0))="Needs review","Conversion table: needs review. ",""),"")&IF(LEFT($E76,8)="ESTIMATE","Weight estimated. ","")&"")
A77: BABTA01-B | B77: =IFERROR(INDEX(Conversion!$C$2:$C$500,MATCH($A77,Conversion!$B$2:$B$500,0)),"NOT ASSIGNED") | C77: Aluminium "baby" water gun, back trigger, adapter outlet, blue | D77: 0.365 | E77: ESTIMATE - not in catalogue; taken as BABTLF1-BL | F77: 20.56626 | G77: 18.28112 | I77: =IF(F77="","",F77/$C$5*(1+$C$8)+$D77*(1+$C$7)*$C$6) | J77: =IF(G77="","",G77/$C$5*(1+$C$8)+$D77*(1+$C$7)*$C$6) | K77: =IF(H77="","",H77/$C$5*(1+$C$8)+$D77*(1+$C$7)*$C$6) | L77: =IF(I77="","",ROUND(I77*(1+$C$9),2)) | M77: =IF(J77="","",ROUND(J77*(1+$C$9),2)) | N77: =IF(K77="","",ROUND(K77*(1+$C$9),2)) | O77: =TRIM(IF($B77="NOT ASSIGNED","No NW part no. ","")&IFERROR(IF(INDEX(Conversion!$J$2:$J$500,MATCH($A77,Conversion!$B$2:$B$500,0))="Needs review","Conversion table: needs review. ",""),"")&IF(LEFT($E77,8)="ESTIMATE","Weight estimated. ","")&"")
A78: BABTNAA-B | B78: =IFERROR(INDEX(Conversion!$C$2:$C$500,MATCH($A78,Conversion!$B$2:$B$500,0)),"NOT ASSIGNED") | C78: Aluminium "baby" water gun, back trigger, adapter in/output, blue | D78: 0.37 | E78: ESTIMATE - not in catalogue; BABTN01-B + adapters | F78: 22.7997 | G78: 20.2664 | I78: =IF(F78="","",F78/$C$5*(1+$C$8)+$D78*(1+$C$7)*$C$6) | J78: =IF(G78="","",G78/$C$5*(1+$C$8)+$D78*(1+$C$7)*$C$6) | K78: =IF(H78="","",H78/$C$5*(1+$C$8)+$D78*(1+$C$7)*$C$6) | L78: =IF(I78="","",ROUND(I78*(1+$C$9),2)) | M78: =IF(J78="","",ROUND(J78*(1+$C$9),2)) | N78: =IF(K78="","",ROUND(K78*(1+$C$9),2)) | O78: =TRIM(IF($B78="NOT ASSIGNED","No NW part no. ","")&IFERROR(IF(INDEX(Conversion!$J$2:$J$500,MATCH($A78,Conversion!$B$2:$B$500,0))="Needs review","Conversion table: needs review. ",""),"")&IF(LEFT($E78,8)="ESTIMATE","Weight estimated. ","")&"")
A80: Baby water guns "brass"
A82: BMBTN01-B | B82: =IFERROR(INDEX(Conversion!$C$2:$C$500,MATCH($A82,Conversion!$B$2:$B$500,0)),"NOT ASSIGNED") | C82: Brass "baby" water gun, back trigger, blue | D82: 0.622 | E82: Cat p.18 | F82: 22.418154 | G82: 19.927248 | I82: =IF(F82="","",F82/$C$5*(1+$C$8)+$D82*(1+$C$7)*$C$6) | J82: =IF(G82="","",G82/$C$5*(1+$C$8)+$D82*(1+$C$7)*$C$6) | K82: =IF(H82="","",H82/$C$5*(1+$C$8)+$D82*(1+$C$7)*$C$6) | L82: =IF(I82="","",ROUND(I82*(1+$C$9),2)) | M82: =IF(J82="","",ROUND(J82*(1+$C$9),2)) | N82: =IF(K82="","",ROUND(K82*(1+$C$9),2)) | O82: =TRIM(IF($B82="NOT ASSIGNED","No NW part no. ","")&IFERROR(IF(INDEX(Conversion!$J$2:$J$500,MATCH($A82,Conversion!$B$2:$B$500,0))="Needs review","Conversion table: needs review. ",""),"")&IF(LEFT($E82,8)="ESTIMATE","Weight estimated. ","")&"")
A83: BMBNN01-B | B83: =IFERROR(INDEX(Conversion!$C$2:$C$500,MATCH($A83,Conversion!$B$2:$B$500,0)),"NOT ASSIGNED") | C83: Brass "baby" water gun, back trigger, 1/2" male outlet with adjustable spray pattern, blue | D83: 0.65 | E83: Cat p.37 | F83: 22.418154 | G83: 19.927248 | I83: =IF(F83="","",F83/$C$5*(1+$C$8)+$D83*(1+$C$7)*$C$6) | J83: =IF(G83="","",G83/$C$5*(1+$C$8)+$D83*(1+$C$7)*$C$6) | K83: =IF(H83="","",H83/$C$5*(1+$C$8)+$D83*(1+$C$7)*$C$6) | L83: =IF(I83="","",ROUND(I83*(1+$C$9),2)) | M83: =IF(J83="","",ROUND(J83*(1+$C$9),2)) | N83: =IF(K83="","",ROUND(K83*(1+$C$9),2)) | O83: =TRIM(IF($B83="NOT ASSIGNED","No NW part no. ","")&IFERROR(IF(INDEX(Conversion!$J$2:$J$500,MATCH($A83,Conversion!$B$2:$B$500,0))="Needs review","Conversion table: needs review. ",""),"")&IF(LEFT($E83,8)="ESTIMATE","Weight estimated. ","")&"")
A84: BMBTL01-B | B84: =IFERROR(INDEX(Conversion!$C$2:$C$500,MATCH($A84,Conversion!$B$2:$B$500,0)),"NOT ASSIGNED") | C84: Brass "baby" water gun, back trigger, 1/2" male outlet, blue | D84: 0.65 | E84: ESTIMATE - not in catalogue; taken as BMBNN01-B | F84: 23.516262 | G84: 20.903344 | I84: =IF(F84="","",F84/$C$5*(1+$C$8)+$D84*(1+$C$7)*$C$6) | J84: =IF(G84="","",G84/$C$5*(1+$C$8)+$D84*(1+$C$7)*$C$6) | K84: =IF(H84="","",H84/$C$5*(1+$C$8)+$D84*(1+$C$7)*$C$6) | L84: =IF(I84="","",ROUND(I84*(1+$C$9),2)) | M84: =IF(J84="","",ROUND(J84*(1+$C$9),2)) | N84: =IF(K84="","",ROUND(K84*(1+$C$9),2)) | O84: =TRIM(IF($B84="NOT ASSIGNED","No NW part no. ","")&IFERROR(IF(INDEX(Conversion!$J$2:$J$500,MATCH($A84,Conversion!$B$2:$B$500,0))="Needs review","Conversion table: needs review. ",""),"")&IF(LEFT($E84,8)="ESTIMATE","Weight estimated. ","")&"")
A85: BMBTA01-B | B85: =IFERROR(INDEX(Conversion!$C$2:$C$500,MATCH($A85,Conversion!$B$2:$B$500,0)),"NOT ASSIGNED") | C85: Brass "baby" water gun, back trigger, adapter output, blue | D85: 0.65 | E85: ESTIMATE - not in catalogue; taken as BMBNN01-B | F85: 23.516262 | G85: 20.903344 | I85: =IF(F85="","",F85/$C$5*(1+$C$8)+$D85*(1+$C$7)*$C$6) | J85: =IF(G85="","",G85/$C$5*(1+$C$8)+$D85*(1+$C$7)*$C$6) | K85: =IF(H85="","",H85/$C$5*(1+$C$8)+$D85*(1+$C$7)*$C$6) | L85: =IF(I85="","",ROUND(I85*(1+$C$9),2)) | M85: =IF(J85="","",ROUND(J85*(1+$C$9),2)) | N85: =IF(K85="","",ROUND(K85*(1+$C$9),2)) | O85: =TRIM(IF($B85="NOT ASSIGNED","No NW part no. ","")&IFERROR(IF(INDEX(Conversion!$J$2:$J$500,MATCH($A85,Conversion!$B$2:$B$500,0))="Needs review","Conversion table: needs review. ",""),"")&IF(LEFT($E85,8)="ESTIMATE","Weight estimated. ","")&"")
A86: BMBTA02-B-V | B86: =IFERROR(INDEX(Conversion!$C$2:$C$500,MATCH($A86,Conversion!$B$2:$B$500,0)),"NOT ASSIGNED") | C86: Brass "baby" water gun, back trigger, adapter output, viton seals, blue | D86: 0.65 | E86: ESTIMATE - not in catalogue; taken as BMBNN01-B | F86: 23.516262 | G86: 20.903344 | I86: =IF(F86="","",F86/$C$5*(1+$C$8)+$D86*(1+$C$7)*$C$6) | J86: =IF(G86="","",G86/$C$5*(1+$C$8)+$D86*(1+$C$7)*$C$6) | K86: =IF(H86="","",H86/$C$5*(1+$C$8)+$D86*(1+$C$7)*$C$6) | L86: =IF(I86="","",ROUND(I86*(1+$C$9),2)) | M86: =IF(J86="","",ROUND(J86*(1+$C$9),2)) | N86: =IF(K86="","",ROUND(K86*(1+$C$9),2)) | O86: =TRIM(IF($B86="NOT ASSIGNED","No NW part no. ","")&IFERROR(IF(INDEX(Conversion!$J$2:$J$500,MATCH($A86,Conversion!$B$2:$B$500,0))="Needs review","Conversion table: needs review. ",""),"")&IF(LEFT($E86,8)="ESTIMATE","Weight estimated. ","")&"")
A88: Other water guns
A90: Qty break | F90: < 10 pcs | G90: ≥ 10 pcs | H90: ≥ 50 pcs | I90: < 10 pcs | J90: ≥ 10 pcs | K90: ≥ 50 pcs | L90: < 10 pcs | M90: ≥ 10 pcs | N90: ≥ 50 pcs
A91: AGIL572 | B91: =IFERROR(INDEX(Conversion!$C$2:$C$500,MATCH($A91,Conversion!$B$2:$B$500,0)),"NOT ASSIGNED") | C91: Water nozzle light duty, red | D91: 0.2 | E91: Cat p.29 | F91: 11.19 | I91: =IF(F91="","",F91/$C$5*(1+$C$8)+$D91*(1+$C$7)*$C$6) | J91: =IF(G91="","",G91/$C$5*(1+$C$8)+$D91*(1+$C$7)*$C$6) | K91: =IF(H91="","",H91/$C$5*(1+$C$8)+$D91*(1+$C$7)*$C$6) | L91: =IF(I91="","",ROUND(I91*(1+$C$9),2)) | M91: =IF(J91="","",ROUND(J91*(1+$C$9),2)) | N91: =IF(K91="","",ROUND(K91*(1+$C$9),2)) | O91: =TRIM(IF($B91="NOT ASSIGNED","No NW part no. ","")&IFERROR(IF(INDEX(Conversion!$J$2:$J$500,MATCH($A91,Conversion!$B$2:$B$500,0))="Needs review","Conversion table: needs review. ",""),"")&IF(LEFT($E91,8)="ESTIMATE","Weight estimated. ","")&"AKBO note at 3rd break: '48pcs 9,87'")
A93: AKMSH03-B | B93: =IFERROR(INDEX(Conversion!$C$2:$C$500,MATCH($A93,Conversion!$B$2:$B$500,0)),"NOT ASSIGNED") | C93: Brass spray head black, blue handgrip | D93: 0.525 | E93: Cat p.54 (head + brass handle) | F93: 40.971216 | G93: 35.849814 | H93: 33.289113 | I93: =IF(F93="","",F93/$C$5*(1+$C$8)+$D93*(1+$C$7)*$C$6) | J93: =IF(G93="","",G93/$C$5*(1+$C$8)+$D93*(1+$C$7)*$C$6) | K93: =IF(H93="","",H93/$C$5*(1+$C$8)+$D93*(1+$C$7)*$C$6) | L93: =IF(I93="","",ROUND(I93*(1+$C$9),2)) | M93: =IF(J93="","",ROUND(J93*(1+$C$9),2)) | N93: =IF(K93="","",ROUND(K93*(1+$C$9),2)) | O93: =TRIM(IF($B93="NOT ASSIGNED","No NW part no. ","")&IFERROR(IF(INDEX(Conversion!$J$2:$J$500,MATCH($A93,Conversion!$B$2:$B$500,0))="Needs review","Conversion table: needs review. ",""),"")&IF(LEFT($E93,8)="ESTIMATE","Weight estimated. ","")&"")
A94: AKMSH03-R | B94: =IFERROR(INDEX(Conversion!$C$2:$C$500,MATCH($A94,Conversion!$B$2:$B$500,0)),"NOT ASSIGNED") | C94: Brass spray head black, red handgrip | D94: 0.525 | E94: Cat p.54 (head + brass handle) | F94: 40.971216 | G94: 35.849814 | H94: 33.289113 | I94: =IF(F94="","",F94/$C$5*(1+$C$8)+$D94*(1+$C$7)*$C$6) | J94: =IF(G94="","",G94/$C$5*(1+$C$8)+$D94*(1+$C$7)*$C$6) | K94: =IF(H94="","",H94/$C$5*(1+$C$8)+$D94*(1+$C$7)*$C$6) | L94: =IF(I94="","",ROUND(I94*(1+$C$9),2)) | M94: =IF(J94="","",ROUND(J94*(1+$C$9),2)) | N94: =IF(K94="","",ROUND(K94*(1+$C$9),2)) | O94: =TRIM(IF($B94="NOT ASSIGNED","No NW part no. ","")&IFERROR(IF(INDEX(Conversion!$J$2:$J$500,MATCH($A94,Conversion!$B$2:$B$500,0))="Needs review","Conversion table: needs review. ",""),"")&IF(LEFT($E94,8)="ESTIMATE","Weight estimated. ","")&"")
A95: AKMSH03-W | B95: =IFERROR(INDEX(Conversion!$C$2:$C$500,MATCH($A95,Conversion!$B$2:$B$500,0)),"NOT ASSIGNED") | C95: Brass spray head black, white handgrip | D95: 0.525 | E95: Cat p.54 (head + brass handle) | F95: 40.971216 | G95: 35.849814 | H95: 33.289113 | I95: =IF(F95="","",F95/$C$5*(1+$C$8)+$D95*(1+$C$7)*$C$6) | J95: =IF(G95="","",G95/$C$5*(1+$C$8)+$D95*(1+$C$7)*$C$6) | K95: =IF(H95="","",H95/$C$5*(1+$C$8)+$D95*(1+$C$7)*$C$6) | L95: =IF(I95="","",ROUND(I95*(1+$C$9),2)) | M95: =IF(J95="","",ROUND(J95*(1+$C$9),2)) | N95: =IF(K95="","",ROUND(K95*(1+$C$9),2)) | O95: =TRIM(IF($B95="NOT ASSIGNED","No NW part no. ","")&IFERROR(IF(INDEX(Conversion!$J$2:$J$500,MATCH($A95,Conversion!$B$2:$B$500,0))="Needs review","Conversion table: needs review. ",""),"")&IF(LEFT($E95,8)="ESTIMATE","Weight estimated. ","")&"")
A96: AKMSHH4-BL | B96: =IFERROR(INDEX(Conversion!$C$2:$C$500,MATCH($A96,Conversion!$B$2:$B$500,0)),"NOT ASSIGNED") | C96: Spray head in brass, black with EPDM & Clipperlon seals | D96: 0.2 | E96: Cat p.54 (head only) | F96: 30.457504 | G96: 26.650316 | H96: 24.746722 | I96: =IF(F96="","",F96/$C$5*(1+$C$8)+$D96*(1+$C$7)*$C$6) | J96: =IF(G96="","",G96/$C$5*(1+$C$8)+$D96*(1+$C$7)*$C$6) | K96: =IF(H96="","",H96/$C$5*(1+$C$8)+$D96*(1+$C$7)*$C$6) | L96: =IF(I96="","",ROUND(I96*(1+$C$9),2)) | M96: =IF(J96="","",ROUND(J96*(1+$C$9),2)) | N96: =IF(K96="","",ROUND(K96*(1+$C$9),2)) | O96: =TRIM(IF($B96="NOT ASSIGNED","No NW part no. ","")&IFERROR(IF(INDEX(Conversion!$J$2:$J$500,MATCH($A96,Conversion!$B$2:$B$500,0))="Needs review","Conversion table: needs review. ",""),"")&IF(LEFT($E96,8)="ESTIMATE","Weight estimated. ","")&"")
A98: AKRSH03-B | B98: =IFERROR(INDEX(Conversion!$C$2:$C$500,MATCH($A98,Conversion!$B$2:$B$500,0)),"NOT ASSIGNED") | C98: St.st. spray head black, blue handgrip | D98: 0.55 | E98: Cat p.54 (head + st.st. handle) | F98: 47.117312 | G98: 41.227648 | H98: 38.282816 | I98: =IF(F98="","",F98/$C$5*(1+$C$8)+$D98*(1+$C$7)*$C$6) | J98: =IF(G98="","",G98/$C$5*(1+$C$8)+$D98*(1+$C$7)*$C$6) | K98: =IF(H98="","",H98/$C$5*(1+$C$8)+$D98*(1+$C$7)*$C$6) | L98: =IF(I98="","",ROUND(I98*(1+$C$9),2)) | M98: =IF(J98="","",ROUND(J98*(1+$C$9),2)) | N98: =IF(K98="","",ROUND(K98*(1+$C$9),2)) | O98: =TRIM(IF($B98="NOT ASSIGNED","No NW part no. ","")&IFERROR(IF(INDEX(Conversion!$J$2:$J$500,MATCH($A98,Conversion!$B$2:$B$500,0))="Needs review","Conversion table: needs review. ",""),"")&IF(LEFT($E98,8)="ESTIMATE","Weight estimated. ","")&"")
A99: AKRSH03-R | B99: =IFERROR(INDEX(Conversion!$C$2:$C$500,MATCH($A99,Conversion!$B$2:$B$500,0)),"NOT ASSIGNED") | C99: St.st. spray head black, red handgrip | D99: 0.55 | E99: Cat p.54 (head + st.st. handle) | F99: 47.117312 | G99: 41.227648 | H99: 38.282816 | I99: =IF(F99="","",F99/$C$5*(1+$C$8)+$D99*(1+$C$7)*$C$6) | J99: =IF(G99="","",G99/$C$5*(1+$C$8)+$D99*(1+$C$7)*$C$6) | K99: =IF(H99="","",H99/$C$5*(1+$C$8)+$D99*(1+$C$7)*$C$6) | L99: =IF(I99="","",ROUND(I99*(1+$C$9),2)) | M99: =IF(J99="","",ROUND(J99*(1+$C$9),2)) | N99: =IF(K99="","",ROUND(K99*(1+$C$9),2)) | O99: =TRIM(IF($B99="NOT ASSIGNED","No NW part no. ","")&IFERROR(IF(INDEX(Conversion!$J$2:$J$500,MATCH($A99,Conversion!$B$2:$B$500,0))="Needs review","Conversion table: needs review. ",""),"")&IF(LEFT($E99,8)="ESTIMATE","Weight estimated. ","")&"")
A100: AKRSH03-W | B100: =IFERROR(INDEX(Conversion!$C$2:$C$500,MATCH($A100,Conversion!$B$2:$B$500,0)),"NOT ASSIGNED") | C100: St.st. spray head black, white handgrip | D100: 0.55 | E100: Cat p.54 (head + st.st. handle) | F100: 47.117312 | G100: 41.227648 | H100: 38.282816 | I100: =IF(F100="","",F100/$C$5*(1+$C$8)+$D100*(1+$C$7)*$C$6) | J100: =IF(G100="","",G100/$C$5*(1+$C$8)+$D100*(1+$C$7)*$C$6) | K100: =IF(H100="","",H100/$C$5*(1+$C$8)+$D100*(1+$C$7)*$C$6) | L100: =IF(I100="","",ROUND(I100*(1+$C$9),2)) | M100: =IF(J100="","",ROUND(J100*(1+$C$9),2)) | N100: =IF(K100="","",ROUND(K100*(1+$C$9),2)) | O100: =TRIM(IF($B100="NOT ASSIGNED","No NW part no. ","")&IFERROR(IF(INDEX(Conversion!$J$2:$J$500,MATCH($A100,Conversion!$B$2:$B$500,0))="Needs review","Conversion table: needs review. ",""),"")&IF(LEFT($E100,8)="ESTIMATE","Weight estimated. ","")&"")
A101: AKRSHW3-W | B101: =IFERROR(INDEX(Conversion!$C$2:$C$500,MATCH($A101,Conversion!$B$2:$B$500,0)),"NOT ASSIGNED") | C101: St.st. spray head white, white handgrip | D101: 0.55 | E101: Cat p.54 (head + st.st. handle) | F101: 48.134768 | G101: 42.117922 | H101: 39.109499 | I101: =IF(F101="","",F101/$C$5*(1+$C$8)+$D101*(1+$C$7)*$C$6) | J101: =IF(G101="","",G101/$C$5*(1+$C$8)+$D101*(1+$C$7)*$C$6) | K101: =IF(H101="","",H101/$C$5*(1+$C$8)+$D101*(1+$C$7)*$C$6) | L101: =IF(I101="","",ROUND(I101*(1+$C$9),2)) | M101: =IF(J101="","",ROUND(J101*(1+$C$9),2)) | N101: =IF(K101="","",ROUND(K101*(1+$C$9),2)) | O101: =TRIM(IF($B101="NOT ASSIGNED","No NW part no. ","")&IFERROR(IF(INDEX(Conversion!$J$2:$J$500,MATCH($A101,Conversion!$B$2:$B$500,0))="Needs review","Conversion table: needs review. ",""),"")&IF(LEFT($E101,8)="ESTIMATE","Weight estimated. ","")&"")
A102: AKRSHH4-BL | B102: =IFERROR(INDEX(Conversion!$C$2:$C$500,MATCH($A102,Conversion!$B$2:$B$500,0)),"NOT ASSIGNED") | C102: Spray head in stainless steel, black with EPDM & Clipperlon seals | D102: 0.2 | E102: Cat p.54 (head only) | F102: 36.553968 | G102: 31.984722 | H102: 29.700099 | I102: =IF(F102="","",F102/$C$5*(1+$C$8)+$D102*(1+$C$7)*$C$6) | J102: =IF(G102="","",G102/$C$5*(1+$C$8)+$D102*(1+$C$7)*$C$6) | K102: =IF(H102="","",H102/$C$5*(1+$C$8)+$D102*(1+$C$7)*$C$6) | L102: =IF(I102="","",ROUND(I102*(1+$C$9),2)) | M102: =IF(J102="","",ROUND(J102*(1+$C$9),2)) | N102: =IF(K102="","",ROUND(K102*(1+$C$9),2)) | O102: =TRIM(IF($B102="NOT ASSIGNED","No NW part no. ","")&IFERROR(IF(INDEX(Conversion!$J$2:$J$500,MATCH($A102,Conversion!$B$2:$B$500,0))="Needs review","Conversion table: needs review. ",""),"")&IF(LEFT($E102,8)="ESTIMATE","Weight estimated. ","")&"")
A103: AKRSHH4-W | B103: =IFERROR(INDEX(Conversion!$C$2:$C$500,MATCH($A103,Conversion!$B$2:$B$500,0)),"NOT ASSIGNED") | C103: Spray head in stainless steel, white with EPDM & Clipperlon seals | D103: 0.2 | E103: Cat p.54 (head only) | F103: 37.621056 | G103: 32.918424 | H103: 30.567108 | I103: =IF(F103="","",F103/$C$5*(1+$C$8)+$D103*(1+$C$7)*$C$6) | J103: =IF(G103="","",G103/$C$5*(1+$C$8)+$D103*(1+$C$7)*$C$6) | K103: =IF(H103="","",H103/$C$5*(1+$C$8)+$D103*(1+$C$7)*$C$6) | L103: =IF(I103="","",ROUND(I103*(1+$C$9),2)) | M103: =IF(J103="","",ROUND(J103*(1+$C$9),2)) | N103: =IF(K103="","",ROUND(K103*(1+$C$9),2)) | O103: =TRIM(IF($B103="NOT ASSIGNED","No NW part no. ","")&IFERROR(IF(INDEX(Conversion!$J$2:$J$500,MATCH($A103,Conversion!$B$2:$B$500,0))="Needs review","Conversion table: needs review. ",""),"")&IF(LEFT($E103,8)="ESTIMATE","Weight estimated. ","")&"")
A105: AKNSH01-B | B105: =IFERROR(INDEX(Conversion!$C$2:$C$500,MATCH($A105,Conversion!$B$2:$B$500,0)),"NOT ASSIGNED") | C105: Light weight spray head, blue, 3/4" BSP male | D105: 0.245 | E105: Cat p.56 | F105: 29.067808 | G105: 25.434332 | H105: 23.617594 | I105: =IF(F105="","",F105/$C$5*(1+$C$8)+$D105*(1+$C$7)*$C$6) | J105: =IF(G105="","",G105/$C$5*(1+$C$8)+$D105*(1+$C$7)*$C$6) | K105: =IF(H105="","",H105/$C$5*(1+$C$8)+$D105*(1+$C$7)*$C$6) | L105: =IF(I105="","",ROUND(I105*(1+$C$9),2)) | M105: =IF(J105="","",ROUND(J105*(1+$C$9),2)) | N105: =IF(K105="","",ROUND(K105*(1+$C$9),2)) | O105: =TRIM(IF($B105="NOT ASSIGNED","No NW part no. ","")&IFERROR(IF(INDEX(Conversion!$J$2:$J$500,MATCH($A105,Conversion!$B$2:$B$500,0))="Needs review","Conversion table: needs review. ",""),"")&IF(LEFT($E105,8)="ESTIMATE","Weight estimated. ","")&"")
A107: AKMSHHL1-BL | B107: =IFERROR(INDEX(Conversion!$C$2:$C$500,MATCH($A107,Conversion!$B$2:$B$500,0)),"NOT ASSIGNED") | C107: Brass water saving spray head, black | D107: 0.21 | E107: ESTIMATE - AKMSHL1-B 510 g less GRIPML1-B 300 g (p.53/55) | F107: 19.513648 | G107: 17.074442 | H107: 15.854839 | I107: =IF(F107="","",F107/$C$5*(1+$C$8)+$D107*(1+$C$7)*$C$6) | J107: =IF(G107="","",G107/$C$5*(1+$C$8)+$D107*(1+$C$7)*$C$6) | K107: =IF(H107="","",H107/$C$5*(1+$C$8)+$D107*(1+$C$7)*$C$6) | L107: =IF(I107="","",ROUND(I107*(1+$C$9),2)) | M107: =IF(J107="","",ROUND(J107*(1+$C$9),2)) | N107: =IF(K107="","",ROUND(K107*(1+$C$9),2)) | O107: =TRIM(IF($B107="NOT ASSIGNED","No NW part no. ","")&IFERROR(IF(INDEX(Conversion!$J$2:$J$500,MATCH($A107,Conversion!$B$2:$B$500,0))="Needs review","Conversion table: needs review. ",""),"")&IF(LEFT($E107,8)="ESTIMATE","Weight estimated. ","")&"")
... A115: TWRWR02XL | B115: =IFERROR(INDEX(Conversion!$C$2:$C$500,MATCH($A115,Conversion!$B$2:$B$500,0)),"NOT ASSIGNED") | C115: St. st. industrial spray head Twister XL, white with red protection, inlet 1" BSP male | D115: 0.8 | E115: Cat p.57 | F115: 60.046448 | G115: 52.540642 | H115: 48.787739 | I115: =IF(F115="","",F115/$C$5*(1+$C$8)+$D115*(1+$C$7)*$C$6) | J115: =IF(G115="","",G115/$C$5*(1+$C$8)+$D115*(1+$C$7)*$C$6) | K115: =IF(H115="","",H115/$C$5*(1+$C$8)+$D115*(1+$C$7)*$C$6) | L115: =IF(I115="","",ROUND(I115*(1+$C$9),2)) | M115: =IF(J115="","",ROUND(J115*(1+$C$9),2)) | N115: =IF(K115="","",ROUND(K115*(1+$C$9),2)) | O115: =TRIM(IF($B115="NOT ASSIGNED","No NW part no. ","")&IFERROR(IF(INDEX(Conversion!$J$2:$J$500,MATCH($A115,Conversion!$B$2:$B$500,0))="Needs review","Conversion table: needs review. ",""),"")&IF(LEFT($E115,8)="ESTIMATE","Weight estimated. ","")&"")
A117: AKAWLU1-B | B117: =IFERROR(INDEX(Conversion!$C$2:$C$500,MATCH($A117,Conversion!$B$2:$B$500,0)),"NOT ASSIGNED") | C117: Air/water gun, blue | D117: 0.8 | E117: Cat p.27 | F117: 76.35 | I117: =IF(F117="","",F117/$C$5*(1+$C$8)+$D117*(1+$C$7)*$C$6) | J117: =IF(G117="","",G117/$C$5*(1+$C$8)+$D117*(1+$C$7)*$C$6) | K117: =IF(H117="","",H117/$C$5*(1+$C$8)+$D117*(1+$C$7)*$C$6) | L117: =IF(I117="","",ROUND(I117*(1+$C$9),2)) | M117: =IF(J117="","",ROUND(J117*(1+$C$9),2)) | N117: =IF(K117="","",ROUND(K117*(1+$C$9),2)) | O117: =TRIM(IF($B117="NOT ASSIGNED","No NW part no. ","")&IFERROR(IF(INDEX(Conversion!$J$2:$J$500,MATCH($A117,Conversion!$B$2:$B$500,0))="Needs review","Conversion table: needs review. ",""),"")&IF(LEFT($E117,8)="ESTIMATE","Weight estimated. ","")&"AKBO note at 3rd break: '20pcs 66,81'")
A119: Water Saver | F119: < 10 pcs | G119: ≥ 10 pcs | H119: ≥ 50 pcs | I119: < 10 pcs | J119: ≥ 10 pcs | K119: ≥ 50 pcs | L119: < 10 pcs | M119: ≥ 10 pcs | N119: ≥ 50 pcs
A120: AKWMS01 | B120: =IFERROR(INDEX(Conversion!$C$2:$C$500,MATCH($A120,Conversion!$B$2:$B$500,0)),"NOT ASSIGNED") | C120: Water saver brass; model S; 3/4" female | D120: 0.3 | E120: ESTIMATE - weight not in catalogue (p.45) | F120: 34.803 | G120: 30.94 | I120: =IF(F120="","",F120/$C$5*(1+$C$8)+$D120*(1+$C$7)*$C$6) | J120: =IF(G120="","",G120/$C$5*(1+$C$8)+$D120*(1+$C$7)*$C$6) | K120: =IF(H120="","",H120/$C$5*(1+$C$8)+$D120*(1+$C$7)*$C$6) | L120: =IF(I120="","",ROUND(I120*(1+$C$9),2)) | M120: =IF(J120="","",ROUND(J120*(1+$C$9),2)) | N120: =IF(K120="","",ROUND(K120*(1+$C$9),2)) | O120: =TRIM(IF($B120="NOT ASSIGNED","No NW part no. ","")&IFERROR(IF(INDEX(Conversion!$J$2:$J$500,MATCH($A120,Conversion!$B$2:$B$500,0))="Needs review","Conversion table: needs review. ",""),"")&IF(LEFT($E120,8)="ESTIMATE","Weight estimated. ","")&"")
A121: AKWMM01 | B121: =IFERROR(INDEX(Conversion!$C$2:$C$500,MATCH($A121,Conversion!$B$2:$B$500,0)),"NOT ASSIGNED") | C121: Water saver brass; model M; 3/4" female | D121: 0.3 | E121: ESTIMATE - weight not in catalogue (p.45) | F121: 34.803 | G121: 30.94 | I121: =IF(F121="","",F121/$C$5*(1+$C$8)+$D121*(1+$C$7)*$C$6) | J121: =IF(G121="","",G121/$C$5*(1+$C$8)+$D121*(1+$C$7)*$C$6) | K121: =IF(H121="","",H121/$C$5*(1+$C$8)+$D121*(1+$C$7)*$C$6) | L121: =IF(I121="","",ROUND(I121*(1+$C$9),2)) | M121: =IF(J121="","",ROUND(J121*(1+$C$9),2)) | N121: =IF(K121="","",ROUND(K121*(1+$C$9),2)) | O121: =TRIM(IF($B121="NOT ASSIGNED","No NW part no. ","")&IFERROR(IF(INDEX(Conversion!$J$2:$J$500,MATCH($A121,Conversion!$B$2:$B$500,0))="Needs review","Conversion table: needs review. ",""),"")&IF(LEFT($E121,8)="ESTIMATE","Weight estimated. ","")&"")
A122: AKWML01 | B122: =IFERROR(INDEX(Conversion!$C$2:$C$500,MATCH($A122,Conversion!$B$2:$B$500,0)),"NOT ASSIGNED") | C122: Water saver brass; model L; 3/4" female | D122: 0.3 | E122: ESTIMATE - weight not in catalogue (p.45) | F122: 34.803 | G122: 30.94 | I122: =IF(F122="","",F122/$C$5*(1+$C$8)+$D122*(1+$C$7)*$C$6) | J122: =IF(G122="","",G122/$C$5*(1+$C$8)+$D122*(1+$C$7)*$C$6) | K122: =IF(H122="","",H122/$C$5*(1+$C$8)+$D122*(1+$C$7)*$C$6) | L122: =IF(I122="","",ROUND(I122*(1+$C$9),2)) | M122: =IF(J122="","",ROUND(J122*(1+$C$9),2)) | N122: =IF(K122="","",ROUND(K122*(1+$C$9),2)) | O122: =TRIM(IF($B122="NOT ASSIGNED","No NW part no. ","")&IFERROR(IF(INDEX(Conversion!$J$2:$J$500,MATCH($A122,Conversion!$B$2:$B$500,0))="Needs review","Conversion table: needs review. ",""),"")&IF(LEFT($E122,8)="ESTIMATE","Weight estimated. ","")&"")
A123: AKWMR01 | B123: =IFERROR(INDEX(Conversion!$C$2:$C$500,MATCH($A123,Conversion!$B$2:$B$500,0)),"NOT ASSIGNED") | C123: Water saver brass; model R; 3/4" female | D123: 0.3 | E123: ESTIMATE - weight not in catalogue (p.45) | F123: 34.803 | G123: 30.94 | I123: =IF(F123="","",F123/$C$5*(1+$C$8)+$D123*(1+$C$7)*$C$6) | J123: =IF(G123="","",G123/$C$5*(1+$C$8)+$D123*(1+$C$7)*$C$6) | K123: =IF(H123="","",H123/$C$5*(1+$C$8)+$D123*(1+$C$7)*$C$6) | L123: =IF(I123="","",ROUND(I123*(1+$C$9),2)) | M123: =IF(J123="","",ROUND(J123*(1+$C$9),2)) | N123: =IF(K123="","",ROUND(K123*(1+$C$9),2)) | O123: =TRIM(IF($B123="NOT ASSIGNED","No NW part no. ","")&IFERROR(IF(INDEX(Conversion!$J$2:$J$500,MATCH($A123,Conversion!$B$2:$B$500,0))="Needs review","Conversion table: needs review. ",""),"")&IF(LEFT($E123,8)="ESTIMATE","Weight estimated. ","")&"")
A125: AKWRS01 | B125: =IFERROR(INDEX(Conversion!$C$2:$C$500,MATCH($A125,Conversion!$B$2:$B$500,0)),"NOT ASSIGNED") | C125: Water saver stainless steel; model S; 3/4" female | D125: 0.3 | E125: ESTIMATE - weight not in catalogue (p.45) | F125: 88.84128 | G125: 83.2887 | I125: =IF(F125="","",F125/$C$5*(1+$C$8)+$D125*(1+$C$7)*$C$6) | J125: =IF(G125="","",G125/$C$5*(1+$C$8)+$D125*(1+$C$7)*$C$6) | K125: =IF(H125="","",H125/$C$5*(1+$C$8)+$D125*(1+$C$7)*$C$6) | L125: =IF(I125="","",ROUND(I125*(1+$C$9),2)) | M125: =IF(J125="","",ROUND(J125*(1+$C$9),2)) | N125: =IF(K125="","",ROUND(K125*(1+$C$9),2)) | O125: =TRIM(IF($B125="NOT ASSIGNED","No NW part no. ","")&IFERROR(IF(INDEX(Conversion!$J$2:$J$500,MATCH($A125,Conversion!$B$2:$B$500,0))="Needs review","Conversion table: needs review. ",""),"")&IF(LEFT($E125,8)="ESTIMATE","Weight estimated. ","")&"")
A126: AKWRM01 | B126: =IFERROR(INDEX(Conversion!$C$2:$C$500,MATCH($A126,Conversion!$B$2:$B$500,0)),"NOT ASSIGNED") | C126: Water saver stainless steel; model M; 3/4" female | D126: 0.3 | E126: ESTIMATE - weight not in catalogue (p.45) | F126: 88.84128 | G126: 83.2887 | I126: =IF(F126="","",F126/$C$5*(1+$C$8)+$D126*(1+$C$7)*$C$6) | J126: =IF(G126="","",G126/$C$5*(1+$C$8)+$D126*(1+$C$7)*$C$6) | K126: =IF(H126="","",H126/$C$5*(1+$C$8)+$D126*(1+$C$7)*$C$6) | L126: =IF(I126="","",ROUND(I126*(1+$C$9),2)) | M126: =IF(J126="","",ROUND(J126*(1+$C$9),2)) | N126: =IF(K126="","",ROUND(K126*(1+$C$9),2)) | O126: =TRIM(IF($B126="NOT ASSIGNED","No NW part no. ","")&IFERROR(IF(INDEX(Conversion!$J$2:$J$500,MATCH($A126,Conversion!$B$2:$B$500,0))="Needs review","Conversion table: needs review. ",""),"")&IF(LEFT($E126,8)="ESTIMATE","Weight estimated. ","")&"")
A127: AKWRL01 | B127: =IFERROR(INDEX(Conversion!$C$2:$C$500,MATCH($A127,Conversion!$B$2:$B$500,0)),"NOT ASSIGNED") | C127: Water saver stainless steel; model L; 3/4" female | D127: 0.3 | E127: ESTIMATE - weight not in catalogue (p.45) | F127: 88.84128 | G127: 83.2887 | I127: =IF(F127="","",F127/$C$5*(1+$C$8)+$D127*(1+$C$7)*$C$6) | J127: =IF(G127="","",G127/$C$5*(1+$C$8)+$D127*(1+$C$7)*$C$6) | K127: =IF(H127="","",H127/$C$5*(1+$C$8)+$D127*(1+$C$7)*$C$6) | L127: =IF(I127="","",ROUND(I127*(1+$C$9),2)) | M127: =IF(J127="","",ROUND(J127*(1+$C$9),2)) | N127: =IF(K127="","",ROUND(K127*(1+$C$9),2)) | O127: =TRIM(IF($B127="NOT ASSIGNED","No NW part no. ","")&IFERROR(IF(INDEX(Conversion!$J$2:$J$500,MATCH($A127,Conversion!$B$2:$B$500,0))="Needs review","Conversion table: needs review. ",""),"")&IF(LEFT($E127,8)="ESTIMATE","Weight estimated. ","")&"")
A128: AKWRR01 | B128: =IFERROR(INDEX(Conversion!$C$2:$C$500,MATCH($A128,Conversion!$B$2:$B$500,0)),"NOT ASSIGNED") | C128: Water saver stainless steel; model R; 3/4" female | D128: 0.3 | E128: ESTIMATE - weight not in catalogue (p.45) | F128: 88.84128 | G128: 83.2887 | I128: =IF(F128="","",F128/$C$5*(1+$C$8)+$D128*(1+$C$7)*$C$6) | J128: =IF(G128="","",G128/$C$5*(1+$C$8)+$D128*(1+$C$7)*$C$6) | K128: =IF(H128="","",H128/$C$5*(1+$C$8)+$D128*(1+$C$7)*$C$6) | L128: =IF(I128="","",ROUND(I128*(1+$C$9),2)) | M128: =IF(J128="","",ROUND(J128*(1+$C$9),2)) | N128: =IF(K128="","",ROUND(K128*(1+$C$9),2)) | O128: =TRIM(IF($B128="NOT ASSIGNED","No NW part no. ","")&IFERROR(IF(INDEX(Conversion!$J$2:$J$500,MATCH($A128,Conversion!$B$2:$B$500,0))="Needs review","Conversion table: needs review. ",""),"")&IF(LEFT($E128,8)="ESTIMATE","Weight estimated. ","")&"")
A130: BWNM045 | B130: =IFERROR(INDEX(Conversion!$C$2:$C$500,MATCH($A130,Conversion!$B$2:$B$500,0)),"NOT ASSIGNED") | C130: Economic Sprayer "Blue Nozzle" brass with EPDM, 4.5mm outlet | D130: 0.25 | E130: ESTIMATE - weight not in catalogue (p.46) | F130: 23.293952 | G130: 21.83808 | H130: 19.799859 | I130: =IF(F130="","",F130/$C$5*(1+$C$8)+$D130*(1+$C$7)*$C$6) | J130: =IF(G130="","",G130/$C$5*(1+$C$8)+$D130*(1+$C$7)*$C$6) | K130: =IF(H130="","",H130/$C$5*(1+$C$8)+$D130*(1+$C$7)*$C$6) | L130: =IF(I130="","",ROUND(I130*(1+$C$9),2)) | M130: =IF(J130="","",ROUND(J130*(1+$C$9),2)) | N130: =IF(K130="","",ROUND(K130*(1+$C$9),2)) | O130: =TRIM(IF($B130="NOT ASSIGNED","No NW part no. ","")&IFERROR(IF(INDEX(Conversion!$J$2:$J$500,MATCH($A130,Conversion!$B$2:$B$500,0))="Needs review","Conversion table: needs review. ",""),"")&IF(LEFT($E130,8)="ESTIMATE","Weight estimated. ","")&"")
A132: Qty break | F132: < 10 pcs | G132: ≥ 10 pcs | H132: ≥ 50 pcs | I132: < 10 pcs | J132: ≥ 10 pcs | K132: ≥ 50 pcs | L132: < 10 pcs | M132: ≥ 10 pcs | N132: ≥ 50 pcs
A133: Shower Head
A135: AKKS003-B | B135: =IFERROR(INDEX(Conversion!$C$2:$C$500,MATCH($A135,Conversion!$B$2:$B$500,0)),"NOT ASSIGNED") | C135: Plastic shower head, blue | D135: 0.26 | E135: Cat p.26 | F135: 42.096208 | G135: 36.834182 | H135: 34.203169 | I135: =IF(F135="","",F135/$C$5*(1+$C$8)+$D135*(1+$C$7)*$C$6) | J135: =IF(G135="","",G135/$C$5*(1+$C$8)+$D135*(1+$C$7)*$C$6) | K135: =IF(H135="","",H135/$C$5*(1+$C$8)+$D135*(1+$C$7)*$C$6) | L135: =IF(I135="","",ROUND(I135*(1+$C$9),2)) | M135: =IF(J135="","",ROUND(J135*(1+$C$9),2)) | N135: =IF(K135="","",ROUND(K135*(1+$C$9),2)) | O135: =TRIM(IF($B135="NOT ASSIGNED","No NW part no. ","")&IFERROR(IF(INDEX(Conversion!$J$2:$J$500,MATCH($A135,Conversion!$B$2:$B$500,0))="Needs review","Conversion table: needs review. ",""),"")&IF(LEFT($E135,8)="ESTIMATE","Weight estimated. ","")&"")
A136: AKKS003-B-19 | B136: =IFERROR(INDEX(Conversion!$C$2:$C$500,MATCH($A136,Conversion!$B$2:$B$500,0)),"NOT ASSIGNED") | C136: Plastic shower head blue with 19mm hose tail MESC019 (separate) | D136: 0.3 | E136: ESTIMATE - 260 g shower (p.26) + MESC019 hose tail est. | F136: 46.099856 | G136: 40.337374 | H136: 37.456133 | I136: =IF(F136="","",F136/$C$5*(1+$C$8)+$D136*(1+$C$7)*$C$6) | J136: =IF(G136="","",G136/$C$5*(1+$C$8)+$D136*(1+$C$7)*$C$6) | K136: =IF(H136="","",H136/$C$5*(1+$C$8)+$D136*(1+$C$7)*$C$6) | L136: =IF(I136="","",ROUND(I136*(1+$C$9),2)) | M136: =IF(J136="","",ROUND(J136*(1+$C$9),2)) | N136: =IF(K136="","",ROUND(K136*(1+$C$9),2)) | O136: =TRIM(IF($B136="NOT ASSIGNED","No NW part no. ","")&IFERROR(IF(INDEX(Conversion!$J$2:$J$500,MATCH($A136,Conversion!$B$2:$B$500,0))="Needs review","Conversion table: needs review. ",""),"")&IF(LEFT($E136,8)="ESTIMATE","Weight estimated. ","")&"")
A137: AKKS003-W | B137: =IFERROR(INDEX(Conversion!$C$2:$C$500,MATCH($A137,Conversion!$B$2:$B$500,0)),"NOT ASSIGNED") | C137: Plastic shower head, white | D137: 0.26 | E137: Cat p.26 | F137: 42.096208 | G137: 36.834182 | H137: 34.203169 | I137: =IF(F137="","",F137/$C$5*(1+$C$8)+$D137*(1+$C$7)*$C$6) | J137: =IF(G137="","",G137/$C$5*(1+$C$8)+$D137*(1+$C$7)*$C$6) | K137: =IF(H137="","",H137/$C$5*(1+$C$8)+$D137*(1+$C$7)*$C$6) | L137: =IF(I137="","",ROUND(I137*(1+$C$9),2)) | M137: =IF(J137="","",ROUND(J137*(1+$C$9),2)) | N137: =IF(K137="","",ROUND(K137*(1+$C$9),2)) | O137: =TRIM(IF($B137="NOT ASSIGNED","No NW part no. ","")&IFERROR(IF(INDEX(Conversion!$J$2:$J$500,MATCH($A137,Conversion!$B$2:$B$500,0))="Needs review","Conversion table: needs review. ",""),"")&IF(LEFT($E137,8)="ESTIMATE","Weight estimated. ","")&"")
A138: AKKS003-W-19 | B138: =IFERROR(INDEX(Conversion!$C$2:$C$500,MATCH($A138,Conversion!$B$2:$B$500,0)),"NOT ASSIGNED") | C138: Plastic shower head white with 19mm hose tail MESC019 (separate) | D138: 0.3 | E138: ESTIMATE - 260 g shower (p.26) + MESC019 hose tail est. | F138: 46.099856 | G138: 40.337374 | H138: 37.456133 | I138: =IF(F138="","",F138/$C$5*(1+$C$8)+$D138*(1+$C$7)*$C$6) | J138: =IF(G138="","",G138/$C$5*(1+$C$8)+$D138*(1+$C$7)*$C$6) | K138: =IF(H138="","",H138/$C$5*(1+$C$8)+$D138*(1+$C$7)*$C$6) | L138: =IF(I138="","",ROUND(I138*(1+$C$9),2)) | M138: =IF(J138="","",ROUND(J138*(1+$C$9),2)) | N138: =IF(K138="","",ROUND(K138*(1+$C$9),2)) | O138: =TRIM(IF($B138="NOT ASSIGNED","No NW part no. ","")&IFERROR(IF(INDEX(Conversion!$J$2:$J$500,MATCH($A138,Conversion!$B$2:$B$500,0))="Needs review","Conversion table: needs review. ",""),"")&IF(LEFT($E138,8)="ESTIMATE","Weight estimated. ","")&"")
A140: Protected ball valves
A142: Qty break | F142: < 10 pcs | G142: ≥ 10 pcs | H142: ≥ 50 pcs | I142: < 10 pcs | J142: ≥ 10 pcs | K142: ≥ 50 pcs | L142: < 10 pcs | M142: ≥ 10 pcs | N142: ≥ 50 pcs
A143: BALR001-B | B143: =IFERROR(INDEX(Conversion!$C$2:$C$500,MATCH($A143,Conversion!$B$2:$B$500,0)),"NOT ASSIGNED") | C143: St.st. protected ball valve, 1/2" female x 1/2" female, blue | D143: 0.4 | E143: ESTIMATE - weight not in catalogue (p.38) | F143: 43.892266 | G143: 41.310368 | H143: 36.146572 | I143: =IF(F143="","",F143/$C$5*(1+$C$8)+$D143*(1+$C$7)*$C$6) | J143: =IF(G143="","",G143/$C$5*(1+$C$8)+$D143*(1+$C$7)*$C$6) | K143: =IF(H143="","",H143/$C$5*(1+$C$8)+$D143*(1+$C$7)*$C$6) | L143: =IF(I143="","",ROUND(I143*(1+$C$9),2)) | M143: =IF(J143="","",ROUND(J143*(1+$C$9),2)) | N143: =IF(K143="","",ROUND(K143*(1+$C$9),2)) | O143: =TRIM(IF($B143="NOT ASSIGNED","No NW part no. ","")&IFERROR(IF(INDEX(Conversion!$J$2:$J$500,MATCH($A143,Conversion!$B$2:$B$500,0))="Needs review","Conversion table: needs review. ",""),"")&IF(LEFT($E143,8)="ESTIMATE","Weight estimated. ","")&"")
A144: BALRCP1-B | B144: =IFERROR(INDEX(Conversion!$C$2:$C$500,MATCH($A144,Conversion!$B$2:$B$500,0)),"NOT ASSIGNED") | C144: St.st. protected ball valve, 1/2" female x st.st. coupler with protection, blue | D144: 0.55 | E144: ESTIMATE - weight not in catalogue (p.38) | F144: 63.025919 | G144: 59.318512 | H144: 51.903698 | I144: =IF(F144="","",F144/$C$5*(1+$C$8)+$D144*(1+$C$7)*$C$6) | J144: =IF(G144="","",G144/$C$5*(1+$C$8)+$D144*(1+$C$7)*$C$6) | K144: =IF(H144="","",H144/$C$5*(1+$C$8)+$D144*(1+$C$7)*$C$6) | L144: =IF(I144="","",ROUND(I144*(1+$C$9),2)) | M144: =IF(J144="","",ROUND(J144*(1+$C$9),2)) | N144: =IF(K144="","",ROUND(K144*(1+$C$9),2)) | O144: =TRIM(IF($B144="NOT ASSIGNED","No NW part no. ","")&IFERROR(IF(INDEX(Conversion!$J$2:$J$500,MATCH($A144,Conversion!$B$2:$B$500,0))="Needs review","Conversion table: needs review. ",""),"")&IF(LEFT($E144,8)="ESTIMATE","Weight estimated. ","")&"")
A145: BALRCP1-NB | B145: =IFERROR(INDEX(Conversion!$C$2:$C$500,MATCH($A145,Conversion!$B$2:$B$500,0)),"NOT ASSIGNED") | C145: St.st. protected ball valve, 1/2" female x st.st. coupler with nylon protection, blue | D145: 0.55 | E145: ESTIMATE - weight not in catalogue (p.38) | F145: 66.53273 | G145: 62.61904 | H145: 54.79166 | I145: =IF(F145="","",F145/$C$5*(1+$C$8)+$D145*(1+$C$7)*$C$6) | J145: =IF(G145="","",G145/$C$5*(1+$C$8)+$D145*(1+$C$7)*$C$6) | K145: =IF(H145="","",H145/$C$5*(1+$C$8)+$D145*(1+$C$7)*$C$6) | L145: =IF(I145="","",ROUND(I145*(1+$C$9),2)) | M145: =IF(J145="","",ROUND(J145*(1+$C$9),2)) | N145: =IF(K145="","",ROUND(K145*(1+$C$9),2)) | O145: =TRIM(IF($B145="NOT ASSIGNED","No NW part no. ","")&IFERROR(IF(INDEX(Conversion!$J$2:$J$500,MATCH($A145,Conversion!$B$2:$B$500,0))="Needs review","Conversion table: needs review. ",""),"")&IF(LEFT($E145,8)="ESTIMATE","Weight estimated. ","")&"")
A146: BARRCP2-B | B146: =IFERROR(INDEX(Conversion!$C$2:$C$500,MATCH($A146,Conversion!$B$2:$B$500,0)),"NOT ASSIGNED") | C146: Stainless steel (AISI 316) ball valve with mechanical protection, coupler with blue protection and adapter | D146: 0.6 | E146: ESTIMATE - weight not in catalogue (p.38) | F146: 52.874624 | G146: 49.764352 | H146: 43.543808 | I146: =IF(F146="","",F146/$C$5*(1+$C$8)+$D146*(1+$C$7)*$C$6) | J146: =IF(G146="","",G146/$C$5*(1+$C$8)+$D146*(1+$C$7)*$C$6) | K146: =IF(H146="","",H146/$C$5*(1+$C$8)+$D146*(1+$C$7)*$C$6) | L146: =IF(I146="","",ROUND(I146*(1+$C$9),2)) | M146: =IF(J146="","",ROUND(J146*(1+$C$9),2)) | N146: =IF(K146="","",ROUND(K146*(1+$C$9),2)) | O146: =TRIM(IF($B146="NOT ASSIGNED","No NW part no. ","")&IFERROR(IF(INDEX(Conversion!$J$2:$J$500,MATCH($A146,Conversion!$B$2:$B$500,0))="Needs review","Conversion table: needs review. ",""),"")&IF(LEFT($E146,8)="ESTIMATE","Weight estimated. ","")&"")
A148: Ball bearing swivels
A150: Qty break | F150: < 10 pcs | G150: ≥ 10 pcs | H150: ≥ 50 pcs | I150: < 10 pcs | J150: ≥ 10 pcs | K150: ≥ 50 pcs | L150: < 10 pcs | M150: ≥ 10 pcs | N150: ≥ 50 pcs
A151: Brass ball bearing swivels
...

Sheet Conversion
A1: Category | B1: AKBO Part Number | C1: Our Code | D1: Product Type | E1: Size / Dimensions / Connection | F1: Material | G1: Variant | H1: Description | I1: Source Page | J1: Status | K1: Notes
A2: Washdown / cleaning equipment | B2: AKMN011-B | C2: WD-MN011-B | D2: Wash gun | E2: Blue King, 1/2" BSP female inlet | F2: Brass HPb59-3 | H2: Wash gun, Blue King, 1/2" BSP female inlet, Brass HPb59-3 | I2: 07 - Blue King.pdf | J2: Confirmed
A3: Washdown / cleaning equipment | B3: AKMNP11-B | C3: WD-MNP11-B | D3: Wash gun | E3: Blue King, 1/2" BSP female inlet | F3: Brass HPb59-3 | G3: with trigger guard | H3: Wash gun, Blue King, 1/2" BSP female inlet, Brass HPb59-3, with trigger guard | I3: 07 - Blue King.pdf | J3: Confirmed
A4: Washdown / cleaning equipment | B4: AKMNP11-B-SW12 | C4: WD-MNP11-B-SW12 | D4: Wash gun | E4: Blue King, 1/2" BSP female inlet, with swivel | F4: Brass HPb59-3 | G4: with trigger guard and swivel | H4: Wash gun, Blue King, 1/2" BSP female inlet, with swivel, Brass HPb59-3, with trigger guard and swivel | I4: 07 - Blue King.pdf | J4: Confirmed
A5: Washdown / cleaning equipment | B5: AKRSV01-B | C5: WD-RSV01-B | D5: The Squeezer | E5: 1/2" BSP female (inlet and outlet) | F5: Stainless steel AISI 304 | G5: blue, max 40 bar / 95C | H5: The Squeezer, 1/2" BSP female (inlet and outlet), Stainless steel AISI 304, blue, max 40 bar / 95C | I5: 03 - The Squeezer.pdf | J5: Confirmed
A6: Washdown / cleaning equipment | B6: BMFT001-B | C6: WD-BMFT001-B | D6: Blue Princess | E6: 1/2" BSP female | F6: Brass HPb59-3 | G6: basic model, without trigger guard | H6: Blue Princess, 1/2" BSP female, Brass HPb59-3, basic model, without trigger guard | I6: 08 - Blue Princess.pdf | J6: Confirmed | K6: Identical spec also duplicated on page 05 (Recently Introduced) - not double counted
A7: Washdown / cleaning equipment | B7: BMFTP11-B-PRIN | C7: WD-BMFTP11-B-PRIN | D7: Blue Princess | E7: 1/2" BSP female | F7: Brass HPb59-3 | G7: with trigger guard | H7: Blue Princess, 1/2" BSP female, Brass HPb59-3, with trigger guard | I7: 08 - Blue Princess.pdf | J7: Confirmed | K7: Identical spec also duplicated on page 05
A8: Washdown / cleaning equipment | B8: BRFT003-B | C8: WD-BRFT003-B | D8: Blue Princess | E8: 1/2" BSP female | F8: 316 stainless steel (AISI 316) | G8: basic model, without trigger guard | H8: Blue Princess, 1/2" BSP female, 316 stainless steel (AISI 316), basic model, without trigger guard | I8: 08 - Blue Princess.pdf | J8: Confirmed | K8: Identical spec also duplicated on page 05
A9: Washdown / cleaning equipment | B9: BRFTP13-B-PRIN | C9: WD-BRFTP13-B-PRIN | D9: Blue Princess | E9: 1/2" BSP female | F9: 316 stainless steel (AISI 316) | G9: with trigger guard - marked NEW in catalogue | H9: Blue Princess, 1/2" BSP female, 316 stainless steel (AISI 316), with trigger guard - marked NEW in catalogue | I9: 08 - Blue Princess.pdf | J9: Confirmed | K9: Identical spec also duplicated on page 05
A10: Washdown / cleaning equipment | B10: KLMN001-BL | C10: WD-KLMN001-BL | D10: Basic brass cleaning gun | E10: 1/2" BSP female | F10: Brass | G10: black | H10: Basic brass cleaning gun, 1/2" BSP female, Brass, black | I10: 09 - Basic brass cleaning gun.pdf | J10: Confirmed
A11: Washdown / cleaning equipment | B11: KLMN001-W | C11: WD-KLMN001-W | D11: Basic brass cleaning gun | E11: 1/2" BSP female | F11: Brass | G11: white | H11: Basic brass cleaning gun, 1/2" BSP female, Brass, white | I11: 09 - Basic brass cleaning gun.pdf | J11: Confirmed
A12: Washdown / cleaning equipment | B12: KLMN001-B | C12: WD-KLMN001-B | D12: Basic brass cleaning gun | E12: 1/2" BSP female | F12: Brass | G12: blue | H12: Basic brass cleaning gun, 1/2" BSP female, Brass, blue | I12: 09 - Basic brass cleaning gun.pdf | J12: Confirmed
A13: Washdown / cleaning equipment | B13: KLMN001-G | C13: WD-KLMN001-G | D13: Basic brass cleaning gun | E13: 1/2" BSP female | F13: Brass | G13: green | H13: Basic brass cleaning gun, 1/2" BSP female, Brass, green | I13: 09 - Basic brass cleaning gun.pdf | J13: Confirmed
A14: Washdown / cleaning equipment | B14: KLMN001-R | C14: WD-KLMN001-R | D14: Basic brass cleaning gun | E14: 1/2" BSP female | F14: Brass | G14: red | H14: Basic brass cleaning gun, 1/2" BSP female, Brass, red | I14: 09 - Basic brass cleaning gun.pdf | J14: Confirmed
A15: Washdown / cleaning equipment | B15: KLMN001-Y | C15: WD-KLMN001-Y | D15: Basic brass cleaning gun | E15: 1/2" BSP female | F15: Brass | G15: yellow | H15: Basic brass cleaning gun, 1/2" BSP female, Brass, yellow | I15: 09 - Basic brass cleaning gun.pdf | J15: Confirmed
A16: Washdown / cleaning equipment | B16: AKMN001-B | C16: WD-MN001-B | D16: Brass cleaning gun (insulated trigger) | E16: 1/2" BSP female | F16: Brass HPb59-3 | G16: blue (best-seller) | H16: Brass cleaning gun (insulated trigger), 1/2" BSP female, Brass HPb59-3, blue (best-seller) | I16: 10 - Brass cleaning guns with insulated trigger.pdf | J16: Confirmed
A17: Washdown / cleaning equipment | B17: AKMN001-R | C17: WD-MN001-R | D17: Brass cleaning gun (insulated trigger) | E17: 1/2" BSP female | F17: Brass HPb59-3 | G17: red | H17: Brass cleaning gun (insulated trigger), 1/2" BSP female, Brass HPb59-3, red | I17: 10 - Brass cleaning guns with insulated trigger.pdf | J17: Confirmed
A18: Washdown / cleaning equipment | B18: AKMN001-Y | C18: WD-MN001-Y | D18: Brass cleaning gun (insulated trigger) | E18: 1/2" BSP female | F18: Brass HPb59-3 | G18: yellow | H18: Brass cleaning gun (insulated trigger), 1/2" BSP female, Brass HPb59-3, yellow | I18: 10 - Brass cleaning guns with insulated trigger.pdf | J18: Confirmed
A19: Washdown / cleaning equipment | B19: AKMN001-G | C19: WD-MN001-G | D19: Brass cleaning gun (insulated trigger) | E19: 1/2" BSP female | F19: Brass HPb59-3 | G19: green | H19: Brass cleaning gun (insulated trigger), 1/2" BSP female, Brass HPb59-3, green | I19: 10 - Brass cleaning guns with insulated trigger.pdf | J19: Confirmed
A20: Washdown / cleaning equipment | B20: AKMN001-W | C20: WD-MN001-W | D20: Brass cleaning gun (insulated trigger) | E20: 1/2" BSP female | F20: Brass HPb59-3 | G20: white | H20: Brass cleaning gun (insulated trigger), 1/2" BSP female, Brass HPb59-3, white | I20: 10 - Brass cleaning guns with insulated trigger.pdf | J20: Confirmed
A21: Washdown / cleaning equipment | B21: AKMN001-BL | C21: WD-MN001-BL | D21: Brass cleaning gun (insulated trigger) | E21: 1/2" BSP female | F21: Brass HPb59-3 | G21: black | H21: Brass cleaning gun (insulated trigger), 1/2" BSP female, Brass HPb59-3, black | I21: 10 - Brass cleaning guns with insulated trigger.pdf | J21: Confirmed
A22: Washdown / cleaning equipment | B22: AKMNP01-B | C22: WD-MNP01-B | D22: Brass cleaning gun (insulated trigger) | E22: 1/2" BSP female | F22: Brass HPb59-3 | G22: blue, with trigger guard | H22: Brass cleaning gun (insulated trigger), 1/2" BSP female, Brass HPb59-3, blue, with trigger guard | I22: 10 - Brass cleaning guns with insulated trigger.pdf | J22: Confirmed
A23: Washdown / cleaning equipment | B23: AKMNP01-B-SW12 | C23: WD-MNP01-B-SW12 | D23: Brass cleaning gun (insulated trigger) | E23: with ball bearing swivel, 1/2" BSP female | F23: Brass HPb59-3 | G23: with trigger guard and swivel | H23: Brass cleaning gun (insulated trigger), with ball bearing swivel, 1/2" BSP female, Brass HPb59-3, with trigger guard and swivel | I23: 10 - Brass cleaning guns with insulated trigger.pdf | J23: Needs review | K23: Page 2 technical-data table header spells this "AKMP01-B-SW12" (missing N) - likely a table typo, confirm before use
A24: Washdown / cleaning equipment | B24: AKMNP01-B-SW34 | C24: WD-MNP01-B-SW34 | D24: Brass cleaning gun (insulated trigger) | E24: with ball bearing swivel, 3/4" BSP female | F24: Brass HPb59-3 | G24: with trigger guard and swivel | H24: Brass cleaning gun (insulated trigger), with ball bearing swivel, 3/4" BSP female, Brass HPb59-3, with trigger guard and swivel | I24: 10 - Brass cleaning guns with insulated trigger.pdf | J24: Needs review | K24: Page 2 technical-data table header spells this "AKMP01-B-SW34" (missing N) - likely a table typo, confirm before use
A25: Washdown / cleaning equipment | B25: AKCN001-B | C25: WD-CN001-B | D25: Chrome-plated brass cleaning gun | E25: 1/2" BSP female | F25: Brass HPb59-3 + chrome layer | G25: blue | H25: Chrome-plated brass cleaning gun, 1/2" BSP female, Brass HPb59-3 + chrome layer, blue | I25: 11 - Chrome-plated brass cleaning guns.pdf | J25: Confirmed
A26: Washdown / cleaning equipment | B26: AKCNP01-B | C26: WD-CNP01-B | D26: Chrome-plated brass cleaning gun | E26: 1/2" BSP female | F26: Brass HPb59-3 + chrome layer | G26: blue, with trigger guard | H26: Chrome-plated brass cleaning gun, 1/2" BSP female, Brass HPb59-3 + chrome layer, blue, with trigger guard | I26: 11 - Chrome-plated brass cleaning guns.pdf | J26: Confirmed
A27: Washdown / cleaning equipment | B27: AKCNP01-W | C27: WD-CNP01-W | D27: Chrome-plated brass cleaning gun | E27: 1/2" BSP female | F27: Brass HPb59-3 + chrome layer | G27: white, with trigger guard | H27: Chrome-plated brass cleaning gun, 1/2" BSP female, Brass HPb59-3 + chrome layer, white, with trigger guard | I27: 11 - Chrome-plated brass cleaning guns.pdf | J27: Confirmed
A28: Washdown / cleaning equipment | B28: AKCNP01-W-U | C28: WD-CNP01-W-U | D28: Chrome-plated brass cleaning gun | E28: 1/2" NPT female | F28: Brass HPb59-3 + chrome layer | G28: white, with trigger guard | H28: Chrome-plated brass cleaning gun, 1/2" NPT female, Brass HPb59-3 + chrome layer, white, with trigger guard | I28: 11 - Chrome-plated brass cleaning guns.pdf | J28: Confirmed
A29: Washdown / cleaning equipment | B29: AKCNP01-B-SW12 | C29: WD-CNP01-B-SW12 | D29: Chrome-plated brass cleaning gun | E29: with swivel, 1/2" BSP female | F29: Brass HPb59-3 + chrome layer | G29: blue, with swivel | H29: Chrome-plated brass cleaning gun, with swivel, 1/2" BSP female, Brass HPb59-3 + chrome layer, blue, with swivel | I29: 11 - Chrome-plated brass cleaning guns.pdf | J29: Confirmed
A30: Washdown / cleaning equipment | B30: AKCNP01-W-SW12 | C30: WD-CNP01-W-SW12 | D30: Chrome-plated brass cleaning gun | E30: with swivel, brochure states 3/4" BSP female | F30: Brass HPb59-3 + chrome layer | G30: white, with swivel | H30: Chrome-plated brass cleaning gun, with swivel, brochure states 3/4" BSP female, Brass HPb59-3 + chrome layer, white, with swivel | I30: 11 - Chrome-plated brass cleaning guns.pdf | J30: Needs review | K30: Brochure states this swivel is 3/4" BSP, but the "-SW12" suffix means 1/2" everywhere else in this catalogue family (c.f. page 10 -SW12/-SW34 pattern) - likely should be AKCNP01-W-SW34; confirm with AKBO before quoting
A31: Washdown / cleaning equipment | B31: AKRN001-B | C31: WD-RN001-B | D31: Stainless steel cleaning gun (AISI 316) | E31: 1/2" BSP female | F31: Stainless steel AISI 316 | G31: blue | H31: Stainless steel cleaning gun (AISI 316), 1/2" BSP female, Stainless steel AISI 316, blue | I31: 12 - Stainless steel cleaning guns (AISI 316).pdf | J31: Confirmed
A32: Washdown / cleaning equipment | B32: AKRN001-W | C32: WD-RN001-W | D32: Stainless steel cleaning gun (AISI 316) | E32: 1/2" BSP female | F32: Stainless steel AISI 316 | G32: white | H32: Stainless steel cleaning gun (AISI 316), 1/2" BSP female, Stainless steel AISI 316, white | I32: 12 - Stainless steel cleaning guns (AISI 316).pdf | J32: Confirmed
A33: Washdown / cleaning equipment | B33: AKRB001-BL | C33: WD-RB001-BL | D33: Stainless steel cleaning gun (AISI 316), high flow | E33: 1/2" BSP female | F33: Stainless steel AISI 316 | G33: black, high flow | H33: Stainless steel cleaning gun (AISI 316), high flow, 1/2" BSP female, Stainless steel AISI 316, black, high flow | I33: 12 - Stainless steel cleaning guns (AISI 316).pdf | J33: Needs review | K33: Page 12 cross-references this as the high-flow AISI316 variant ("full spec page 16"), but page 16 (High-flow cleaning guns) only lists brass "AKMB*" numbers - no matching AKRB* found there. Confirm actual model number with AKBO
A34: Washdown / cleaning equipment | B34: AKRNP01-B | C34: WD-RNP01-B | D34: Stainless steel cleaning gun (AISI 316) | E34: 1/2" BSP female | F34: Stainless steel AISI 316 | G34: blue, with trigger guard | H34: Stainless steel cleaning gun (AISI 316), 1/2" BSP female, Stainless steel AISI 316, blue, with trigger guard | I34: 12 - Stainless steel cleaning guns (AISI 316).pdf | J34: Confirmed
A35: Washdown / cleaning equipment | B35: AKRNP01-W | C35: WD-RNP01-W | D35: Stainless steel cleaning gun (AISI 316) | E35: 1/2" BSP female | F35: Stainless steel AISI 316 | G35: white, with trigger guard | H35: Stainless steel cleaning gun (AISI 316), 1/2" BSP female, Stainless steel AISI 316, white, with trigger guard | I35: 12 - Stainless steel cleaning guns (AISI 316).pdf | J35: Confirmed
A36: Washdown / cleaning equipment | B36: AKRNP01-B-U | C36: WD-RNP01-B-U | D36: Stainless steel cleaning gun (AISI 316) | E36: 1/2" NPT female | F36: Stainless steel AISI 316 | G36: blue, with trigger guard | H36: Stainless steel cleaning gun (AISI 316), 1/2" NPT female, Stainless steel AISI 316, blue, with trigger guard | I36: 12 - Stainless steel cleaning guns (AISI 316).pdf | J36: Confirmed
A37: Washdown / cleaning equipment | B37: AKRNP01-W-U | C37: WD-RNP01-W-U | D37: Stainless steel cleaning gun (AISI 316) | E37: 1/2" NPT female | F37: Stainless steel AISI 316 | G37: white, with trigger guard | H37: Stainless steel cleaning gun (AISI 316), 1/2" NPT female, Stainless steel AISI 316, white, with trigger guard | I37: 12 - Stainless steel cleaning guns (AISI 316).pdf | J37: Confirmed
A38: Washdown / cleaning equipment | B38: AKRNP01-B-SW12 | C38: WD-RNP01-B-SW12 | D38: Stainless steel cleaning gun (AISI 316) | E38: with stainless steel swivel, 1/2" BSP female | F38: Stainless steel AISI 316 | G38: blue, with trigger guard and swivel | H38: Stainless steel cleaning gun (AISI 316), with stainless steel swivel, 1/2" BSP female, Stainless steel AISI 316, blue, with trigger guard and swivel | I38: 12 - Stainless steel cleaning guns (AISI 316).pdf | J38: Confirmed
A39: Washdown / cleaning equipment | B39: AKRNP01-W-SW12 | C39: WD-RNP01-W-SW12 | D39: Stainless steel cleaning gun (AISI 316) | E39: with stainless steel swivel, 1/2" BSP female | F39: Stainless steel AISI 316 | G39: white, with trigger guard and swivel | H39: Stainless steel cleaning gun (AISI 316), with stainless steel swivel, 1/2" BSP female, Stainless steel AISI 316, white, with trigger guard and swivel | I39: 12 - Stainless steel cleaning guns (AISI 316).pdf | J39: Confirmed
A40: Washdown / cleaning equipment | B40: AKNN001-B | C40: WD-NN001-B | D40: Lightweight cleaning gun | E40: 1/2" BSP female | F40: Plastic PA66 (fibreglass-reinforced) | G40: without trigger guard | H40: Lightweight cleaning gun, 1/2" BSP female, Plastic PA66 (fibreglass-reinforced), without trigger guard | I40: 13 - Lightweight cleaning gun.pdf | J40: Confirmed
A41: Washdown / cleaning equipment | B41: AKNNP01-B | C41: WD-NNP01-B | D41: Lightweight cleaning gun | E41: 1/2" BSP female | F41: Plastic PA66 (fibreglass-reinforced) | G41: with trigger guard | H41: Lightweight cleaning gun, 1/2" BSP female, Plastic PA66 (fibreglass-reinforced), with trigger guard | I41: 13 - Lightweight cleaning gun.pdf | J41: Confirmed
A42: Washdown / cleaning equipment | B42: AKNL002-B | C42: WD-NL002-B | D42: Lightweight cleaning gun | E42: 1/2" BSP male at outlet, for lance mounting | F42: Plastic PA66 | G42: for lance mounting | H42: Lightweight cleaning gun, 1/2" BSP male at outlet, for lance mounting, Plastic PA66, for lance mounting | I42: 13 - Lightweight cleaning gun.pdf / 29 - Cleaning guns for lance mounting.pdf | J42: Confirmed
A43: Washdown / cleaning equipment | B43: AKNLCP2-B | C43: WD-NLCP2-B | D43: Lightweight cleaning gun | E43: stainless steel quick coupling DN12 + protection at outlet | F43: Plastic PA66 | G43: quick-coupling outlet | H43: Lightweight cleaning gun, stainless steel quick coupling DN12 + protection at outlet, Plastic PA66, quick-coupling outlet | I43: 13 - Lightweight cleaning gun.pdf / 29 - Cleaning guns for lance mounting.pdf | J43: Confirmed
A44: Washdown / cleaning equipment | B44: AKNLFW2 | C44: WD-NLFW2 | D44: Lightweight cleaning gun | E44: 1/2" BSP female inlet, fixed foam lance at outlet | F44: Fibreglass-reinforced PA66 (FDA) | G44: fixed foam-lance combination | H44: Lightweight cleaning gun, 1/2" BSP female inlet, fixed foam lance at outlet, Fibreglass-reinforced PA66 (FDA), fixed foam-lance combination | I44: 13 - Lightweight cleaning gun.pdf / 30 - Lightweight foam gun.pdf | J44: Confirmed
A45: Washdown / cleaning equipment | B45: AKNNA02-B | C45: WD-NNA02-B | D45: Lightweight cleaning gun | E45: chrome-plated brass adapter at outlet | F45: Plastic PA66 | H45: Lightweight cleaning gun, chrome-plated brass adapter at outlet, Plastic PA66 | I45: 13 - Lightweight cleaning gun.pdf | J45: Needs review | K45: No dedicated spec page found for this variant in this brochure set - confirm material/technical data with AKBO
A46: Washdown / cleaning equipment | B46: BABTN01-B | C46: WD-BABTN01-B | D46: Baby series cleaning gun | E46: 1/2" BSP female inlet | F46: Aluminium | G46: rear trigger, compact | H46: Baby series cleaning gun, 1/2" BSP female inlet, Aluminium, rear trigger, compact | I46: 14 - Baby series cleaning guns.pdf | J46: Confirmed
A47: Washdown / cleaning equipment | B47: BMBTN01-B | C47: WD-BMBTN01-B | D47: Baby series cleaning gun | E47: 1/2" BSP female inlet | F47: Brass HPb59-3 | G47: rear trigger, compact | H47: Baby series cleaning gun, 1/2" BSP female inlet, Brass HPb59-3, rear trigger, compact | I47: 14 - Baby series cleaning guns.pdf | J47: Confirmed
A48: Washdown / cleaning equipment | B48: BRBTN01-B | C48: WD-BRBTN01-B | D48: Baby series cleaning gun | E48: 1/2" BSP female inlet | F48: Stainless steel X5CrNiMo17-12-2 (AISI 316) | G48: rear trigger, compact | H48: Baby series cleaning gun, 1/2" BSP female inlet, Stainless steel X5CrNiMo17-12-2 (AISI 316), rear trigger, compact | I48: 14 - Baby series cleaning guns.pdf | J48: Confirmed
A49: Washdown / cleaning equipment | B49: AKMB001-BL | C49: WD-MB001-BL | D49: High-flow cleaning gun | E49: 1/2" BSP female | F49: Brass | G49: black, high flow | H49: High-flow cleaning gun, 1/2" BSP female, Brass, black, high flow | I49: 16 - High-flow cleaning guns.pdf | J49: Confirmed
A50: Washdown / cleaning equipment | B50: AKMBP01-BL | C50: WD-MBP01-BL | D50: High-flow cleaning gun | E50: 1/2" BSP female | F50: Brass | G50: black, with trigger guard, high flow | H50: High-flow cleaning gun, 1/2" BSP female, Brass, black, with trigger guard, high flow | I50: 16 - High-flow cleaning guns.pdf | J50: Confirmed
A51: Washdown / cleaning equipment | B51: AKMBP01-B-SWM14-3/4 | C51: WD-MBP01-B-SWM14-3/4 | D51: High-flow cleaning gun | E51: with swivel, 3/4" BSP female | F51: Brass | G51: with trigger guard and swivel | H51: High-flow cleaning gun, with swivel, 3/4" BSP female, Brass, with trigger guard and swivel | I51: 16 - High-flow cleaning guns.pdf | J51: Needs review | K51: This model number is written three different ways on this page (AKMBP01-B-SWM14-3/4 in heading/caption vs AKMBP01-BL-SW14-34 in the weight bullet) - confirm the correct number with AKBO
A52: Washdown / cleaning equipment | B52: AKRHP01-R | C52: WD-RHP01-R | D52: Hot-water cleaning gun (AISI 316) | E52: 1/2" BSP female | F52: Stainless steel AISI 316 | G52: red, base model | H52: Hot-water cleaning gun (AISI 316), 1/2" BSP female, Stainless steel AISI 316, red, base model | I52: 17 - Cleaning guns for hot water in stainless steel (AISI 316).pdf | J52: Needs review | K52: Body text calls the base model "AKRHP01-R" but the technical-data table heads its column "AKRHP02-R" - confirm which is correct with AKBO
A53: Washdown / cleaning equipment | B53: AKRHP02-R-L40 | C53: WD-RHP02-R-L40 | D53: Hot-water cleaning gun (AISI 316), lance version | E53: 1/2" BSP female, 40cm lance | F53: Stainless steel AISI 316 | G53: red, with lance | H53: Hot-water cleaning gun (AISI 316), lance version, 1/2" BSP female, 40cm lance, Stainless steel AISI 316, red, with lance | I53: 17 - Cleaning guns for hot water in stainless steel (AISI 316).pdf | J53: Needs review | K53: Table heading drops the "-R-" and reads "AKRHP02-L40" - confirm exact number with AKBO
A54: Washdown / cleaning equipment | B54: AKRHPB1-R | C54: WD-RHPB1-R | D54: Hot-water cleaning gun (AISI 316), high flow | E54: 1/2" BSP female | F54: Stainless steel AISI 316 | G54: red, high flow | H54: Hot-water cleaning gun (AISI 316), high flow, 1/2" BSP female, Stainless steel AISI 316, red, high flow | I54: 17 - Cleaning guns for hot water in stainless steel (AISI 316).pdf | J54: Confirmed
A55: Washdown / cleaning equipment | B55: AKRNP01-BL-EX | C55: WD-RNP01-BL-EX | D55: ATEX cleaning gun | E55: 1/2" BSP female | F55: Stainless steel AISI 316 | G55: black, ATEX-certified, with trigger guard | H55: ATEX cleaning gun, 1/2" BSP female, Stainless steel AISI 316, black, ATEX-certified, with trigger guard | I55: 18 - ATEX cleaning gun.pdf | J55: Confirmed | K55: Catalogue prints max temp as "60C (200F)" - correct conversion is 140F, likely a catalogue typo (informational only, does not affect part number)
A56: Washdown / cleaning equipment | B56: AKRN002-LB-LAT | C56: WD-RN002-LB-LAT | D56: Sterilisable cleaning gun (AISI 316) | E56: 1/2" BSP female | F56: Stainless steel AISI 316 | G56: latex rubber jacket, Viton seals, sterilisable to 160C | H56: Sterilisable cleaning gun (AISI 316), 1/2" BSP female, Stainless steel AISI 316, latex rubber jacket, Viton seals, sterilisable to 160C | I56: 19 - Sterilisable cleaning gun in stainless steel (AISI 316).pdf | J56: Confirmed
A57: Washdown / cleaning equipment | B57: AKRBT01-B-U | C57: WD-RBT01-B-U | D57: Stainless steel gun with rear trigger (AISI 316) | E57: 1/2" NPT female | F57: Stainless steel AISI 316 | G57: standard flow | H57: Stainless steel gun with rear trigger (AISI 316), 1/2" NPT female, Stainless steel AISI 316, standard flow | I57: 20 - Stainless steel (AISI 316) cleaning gun with rear trigger.pdf | J57: Confirmed | K57: Technical table prints connection as "NTP" (typo for NPT); body text weight "980g" does not match either table weight (940g/880g) - informational only
A58: Washdown / cleaning equipment | B58: AKRBTB1-B-U | C58: WD-RBTB1-B-U | D58: Stainless steel gun with rear trigger (AISI 316), high flow | E58: 1/2" NPT female | F58: Stainless steel AISI 316 | G58: high flow | H58: Stainless steel gun with rear trigger (AISI 316), high flow, 1/2" NPT female, Stainless steel AISI 316, high flow | I58: 20 - Stainless steel (AISI 316) cleaning gun with rear trigger.pdf | J58: Confirmed | K58: Same "NTP" typo noted in the technical table
A59: Washdown / cleaning equipment | B59: AKAWLU1-B | C59: WD-AWLU1-B | D59: Water-air gun | E59: 2x 10mm hose tails (water and air inlets) | F59: Aluminium | H59: Water-air gun, 2x 10mm hose tails (water and air inlets), Aluminium | I59: 22 - Water-air gun.pdf | J59: Confirmed
A60: Washdown / cleaning equipment | B60: AGIL572 | C60: WD-AGIL572 | D60: Lightweight spray gun | E60: 3/4" GHT male outlet | F60: Chrome-plated zinc | H60: Lightweight spray gun, 3/4" GHT male outlet, Chrome-plated zinc | I60: 24 - AGIL572 lightweight spray gun.pdf | J60: Confirmed | K60: Catalogue number has no "AK" prefix at all
A61: Washdown / cleaning equipment | B61: AK53800A1 | C61: WD-53800A1 | D61: NiTO I cleaning gun | E61: 1/2" NiTO quick-connect inlet | F61: Not stated in catalogue | H61: NiTO I cleaning gun, 1/2" NiTO quick-connect inlet, Not stated in catalogue | I61: 25 - NiTO I cleaning gun.pdf | J61: Needs review | K61: Material not stated in catalogue - confirm before quoting on material-sensitive jobs
A62: Washdown / cleaning equipment | B62: AK30550A3 | C62: WD-30550A3 | D62: NiTO II cleaning gun | E62: NiTO quick-connect inlet | F62: Not stated in catalogue | H62: NiTO II cleaning gun, NiTO quick-connect inlet, Not stated in catalogue | I62: 26 - NiTO II cleaning gun.pdf | J62: Needs review | K62: Material not stated in catalogue - confirm before quoting on material-sensitive jobs. Related accessory AK30210A0 (spare nozzle set) exists but is out of scope - not a gun.
A63: Washdown / cleaning equipment | B63: AK40255A3 | C63: WD-40255A3 | D63: NiTO ERGO hot-water gun | E63: NiTO quick-connect inlet | F63: Not stated in catalogue | H63: NiTO ERGO hot-water gun, NiTO quick-connect inlet, Not stated in catalogue | I63: 27 - NiTO ERGO hot-water gun.pdf | J63: Needs review | K63: Material not stated in catalogue - confirm before quoting on material-sensitive jobs
A64: Washdown / cleaning equipment | B64: AKRL002-B | C64: WD-RL002-B | D64: Cleaning gun for lance mounting | E64: 1/2" BSP male outlet | F64: Stainless steel AISI 316 | H64: Cleaning gun for lance mounting, 1/2" BSP male outlet, Stainless steel AISI 316 | I64: 29 - Cleaning guns for lance mounting.pdf | J64: Confirmed
A65: Washdown / cleaning equipment | B65: AKCL002-B | C65: WD-CL002-B | D65: Cleaning gun for lance mounting | E65: 1/2" BSP male outlet | F65: Brass, chrome-plated | H65: Cleaning gun for lance mounting, 1/2" BSP male outlet, Brass, chrome-plated | I65: 29 - Cleaning guns for lance mounting.pdf | J65: Confirmed
A66: Washdown / cleaning equipment | B66: KLML002-B | C66: WD-KLML002-B | D66: Cleaning gun for lance mounting | E66: 1/2" BSP male outlet | F66: Brass | H66: Cleaning gun for lance mounting, 1/2" BSP male outlet, Brass | I66: 29 - Cleaning guns for lance mounting.pdf | J66: Confirmed
A67: Washdown / cleaning equipment | B67: AKCLCP2-B | C67: WD-CLCP2-B | D67: Cleaning gun for lance mounting | E67: quick coupling outlet | F67: Brass, chrome-plated | G67: with quick-release coupling | H67: Cleaning gun for lance mounting, quick coupling outlet, Brass, chrome-plated, with quick-release coupling | I67: 29 - Cleaning guns for lance mounting.pdf | J67: Confirmed
A68: Washdown / cleaning equipment | B68: AKRLCP2-B | C68: WD-RLCP2-B | D68: Cleaning gun for lance mounting | E68: quick coupling outlet | F68: Stainless steel AISI 316 | G68: with quick-release coupling | H68: Cleaning gun for lance mounting, quick coupling outlet, Stainless steel AISI 316, with quick-release coupling | I68: 29 - Cleaning guns for lance mounting.pdf | J68: Confirmed
A69: Washdown / cleaning equipment | B69: KLMLCP2-B | C69: WD-KLMLCP2-B | D69: Cleaning gun for lance mounting | E69: quick coupling outlet | F69: Brass | G69: with quick-release coupling | H69: Cleaning gun for lance mounting, quick coupling outlet, Brass, with quick-release coupling | I69: 29 - Cleaning guns for lance mounting.pdf | J69: Confirmed
A70: Washdown / cleaning equipment | B70: BABTLF1-B-V | C70: WD-BABTLF1-B-V | D70: Baby series gun for lance mounting | E70: 1/2" BSP female outlet and inlet | F70: Aluminium | G70: blue, Viton seals | H70: Baby series gun for lance mounting, 1/2" BSP female outlet and inlet, Aluminium, blue, Viton seals | I70: 31 - Cleaning guns for lance mounting, Baby series.pdf | J70: Confirmed
A71: Washdown / cleaning equipment | B71: BABTLF1-BL | C71: WD-BABTLF1-BL | D71: Baby series gun for lance mounting | E71: 1/2" BSP female outlet and inlet | F71: Aluminium | G71: black | H71: Baby series gun for lance mounting, 1/2" BSP female outlet and inlet, Aluminium, black | I71: 31 - Cleaning guns for lance mounting, Baby series.pdf | J71: Needs review | K71: Max-temp table cell shows "(231F)" matching a 95C row, but this model is rated 50C (its sibling BABTLF1-B-V, same 50C rating, correctly shows ~122F) - likely a copy-paste error in AKBO's table; confirm actual max temp with AKBO
A72: Washdown / cleaning equipment | B72: BMBNN01-B | C72: WD-BMBNN01-B | D72: Baby series gun for lance mounting | E72: 1/2" BSP male outlet, 1/2" BSP female inlet | F72: Brass HPb59-3 | G72: blue, with nozzle | H72: Baby series gun for lance mounting, 1/2" BSP male outlet, 1/2" BSP female inlet, Brass HPb59-3, blue, with nozzle | I72: 31 - Cleaning guns for lance mounting, Baby series.pdf | J72: Confirmed
A73: Washdown / cleaning equipment | B73: AKMSHL1-B | C73: WD-MSHL1-B | D73: Water-saving spray head | E73: with handle, head 1/2" BSPP male, grip 1/2" BSPP female | F73: Brass HPb59-3 and POM (head), EPDM (grip) | G73: blue grip (GRIPML1-B) | H73: Water-saving spray head, with handle, head 1/2" BSPP male, grip 1/2" BSPP female, Brass HPb59-3 and POM (head), EPDM (grip), blue grip (GRIPML1-B) | I73: 44 - Water-saving spray head.pdf | J73: Confirmed
A74: Washdown / cleaning equipment | B74: AKRSHL1-B | C74: WD-RSHL1-B | D74: Water-saving spray head | E74: with handle, head 1/2" BSPP male, grip 1/2" BSPP female | F74: Stainless steel AISI 304 and POM (head), EPDM (grip) | G74: blue grip (GRIPRL1-B) | H74: Water-saving spray head, with handle, head 1/2" BSPP male, grip 1/2" BSPP female, Stainless steel AISI 304 and POM (head), EPDM (grip), blue grip (GRIPRL1-B) | I74: 44 - Water-saving spray head.pdf | J74: Confirmed
A75: Washdown / cleaning equipment | B75: AKMSHHL1-BL | C75: WD-MSHHL1-BL | D75: Water-saving spray head | E75: head only, 1/2" BSPP male | F75: Brass HPb59-3 and POM | G75: black, head only | H75: Water-saving spray head, head only, 1/2" BSPP male, Brass HPb59-3 and POM, black, head only | I75: 44 - Water-saving spray head.pdf | J75: Needs review | K75: Technical-data table only lists dimensions/weight for the with-handle assemblies (AKMSHL1-B/AKRSHL1-B) - head-only weight not separately tabulated on this page
A76: Washdown / cleaning equipment | B76: AKRSHHL1-BL | C76: WD-RSHHL1-BL | D76: Water-saving spray head | E76: head only, 1/2" BSPP male | F76: Stainless steel AISI 304 and POM | G76: black, head only | H76: Water-saving spray head, head only, 1/2" BSPP male, Stainless steel AISI 304 and POM, black, head only | I76: 44 - Water-saving spray head.pdf | J76: Needs review | K76: Technical-data table only lists dimensions/weight for the with-handle assemblies - head-only weight not separately tabulated on this page
A77: Washdown / cleaning equipment | B77: AKMSH03-B | C77: WD-MSH03-B | D77: Robust spray head | E77: with handle, 1/2" BSP female | F77: Brass interior, POM housing | G77: blue | H77: Robust spray head, with handle, 1/2" BSP female, Brass interior, POM housing, blue | I77: 45 - Robust spray head.pdf | J77: Confirmed
A78: Washdown / cleaning equipment | B78: AKMSH03-R | C78: WD-MSH03-R | D78: Robust spray head | E78: with handle, 1/2" BSP female | F78: Brass interior, POM housing | G78: red | H78: Robust spray head, with handle, 1/2" BSP female, Brass interior, POM housing, red | I78: 45 - Robust spray head.pdf | J78: Confirmed
A79: Washdown / cleaning equipment | B79: AKMSH03-W | C79: WD-MSH03-W | D79: Robust spray head | E79: with handle, 1/2" BSP female | F79: Brass interior, POM housing | G79: white | H79: Robust spray head, with handle, 1/2" BSP female, Brass interior, POM housing, white | I79: 45 - Robust spray head.pdf | J79: Confirmed
A80: Washdown / cleaning equipment | B80: AKMSHH4-BL | C80: WD-MSHH4-BL | D80: Robust spray head | E80: head only, 1/2" BSP male | F80: Brass interior, POM housing | G80: black, head only | H80: Robust spray head, head only, 1/2" BSP male, Brass interior, POM housing, black, head only | I80: 45 - Robust spray head.pdf | J80: Confirmed
A81: Washdown / cleaning equipment | B81: AKRSH03-B | C81: WD-RSH03-B | D81: Robust spray head | E81: with handle, 1/2" BSP female | F81: Stainless steel AISI 304 interior, POM housing | G81: blue | H81: Robust spray head, with handle, 1/2" BSP female, Stainless steel AISI 304 interior, POM housing, blue | I81: 45 - Robust spray head.pdf | J81: Confirmed
A82: Washdown / cleaning equipment | B82: AKRSH03-R | C82: WD-RSH03-R | D82: Robust spray head | E82: with handle, 1/2" BSP female | F82: Stainless steel AISI 304 interior, POM housing | G82: red | H82: Robust spray head, with handle, 1/2" BSP female, Stainless steel AISI 304 interior, POM housing, red | I82: 45 - Robust spray head.pdf | J82: Confirmed
A83: Washdown / cleaning equipment | B83: AKRSHW3-W | C83: WD-RSHW3-W | D83: Robust spray head | E83: with handle, 1/2" BSP female | F83: Stainless steel AISI 304 interior, POM housing | G83: white | H83: Robust spray head, with handle, 1/2" BSP female, Stainless steel AISI 304 interior, POM housing, white | I83: 45 - Robust spray head.pdf | J83: Needs review | K83: Part number breaks the "03" pattern of its blue/red siblings (AKRSH03-B/R) - consistently printed as AKRSHW3-W in both body text and image caption, so likely intentional, but worth confirming with AKBO
A84: Washdown / cleaning equipment | B84: AKRSHH4-BL | C84: WD-RSHH4-BL | D84: Robust spray head | E84: head only, 1/2" BSP male | F84: Stainless steel AISI 304 interior, POM housing | G84: black, head only | H84: Robust spray head, head only, 1/2" BSP male, Stainless steel AISI 304 interior, POM housing, black, head only | I84: 45 - Robust spray head.pdf | J84: Confirmed | K84: AKRSHH4 series complies with EC 2023/2006 and EC 1935/2004 art. 3 (food-safe)
A85: Washdown / cleaning equipment | B85: AKRSHH4-W | C85: WD-RSHH4-W | D85: Robust spray head | E85: head only, 1/2" BSP male | F85: Stainless steel AISI 304 interior, POM housing | G85: white, head only | H85: Robust spray head, head only, 1/2" BSP male, Stainless steel AISI 304 interior, POM housing, white, head only | I85: 45 - Robust spray head.pdf | J85: Confirmed | K85: AKRSHH4 series complies with EC 2023/2006 and EC 1935/2004 art. 3 (food-safe)
A86: Washdown / cleaning equipment | B86: GRIP-M01-B | C86: WD-GRIP-M01-B | D86: Handle | E86: 2x 1/2" BSP female, 105 x 44mm | F86: Brass | G86: blue | H86: Handle, 2x 1/2" BSP female, 105 x 44mm, Brass, blue | I86: 46 - Handles in brass or stainless steel.pdf | J86: Confirmed | K86: Accessory - pairs with AKMSH03-/AKRSH03- series robust spray heads
A87: Washdown / cleaning equipment | B87: GRIP-M01-W | C87: WD-GRIP-M01-W | D87: Handle | E87: 2x 1/2" BSP female, 105 x 44mm | F87: Brass | G87: white | H87: Handle, 2x 1/2" BSP female, 105 x 44mm, Brass, white | I87: 46 - Handles in brass or stainless steel.pdf | J87: Confirmed | K87: Accessory - pairs with AKMSH03-/AKRSH03- series robust spray heads
A88: Washdown / cleaning equipment | B88: GRIP-M01-R | C88: WD-GRIP-M01-R | D88: Handle | E88: 2x 1/2" BSP female, 105 x 44mm | F88: Brass | G88: red | H88: Handle, 2x 1/2" BSP female, 105 x 44mm, Brass, red | I88: 46 - Handles in brass or stainless steel.pdf | J88: Confirmed | K88: Accessory - pairs with AKMSH03-/AKRSH03- series robust spray heads
A89: Washdown / cleaning equipment | B89: GRIP-R01-B | C89: WD-GRIP-R01-B | D89: Handle | E89: 2x 1/2" BSP female, 105 x 44mm | F89: Stainless steel | G89: blue | H89: Handle, 2x 1/2" BSP female, 105 x 44mm, Stainless steel, blue | I89: 46 - Handles in brass or stainless steel.pdf | J89: Confirmed | K89: Accessory - pairs with AKMSH03-/AKRSH03- series robust spray heads
A90: Washdown / cleaning equipment | B90: GRIP-R01-W | C90: WD-GRIP-R01-W | D90: Handle | E90: 2x 1/2" BSP female, 105 x 44mm | F90: Stainless steel | G90: white | H90: Handle, 2x 1/2" BSP female, 105 x 44mm, Stainless steel, white | I90: 46 - Handles in brass or stainless steel.pdf | J90: Confirmed | K90: Accessory - pairs with AKMSH03-/AKRSH03- series robust spray heads
A91: Washdown / cleaning equipment | B91: GRIP-R01-R | C91: WD-GRIP-R01-R | D91: Handle | E91: 2x 1/2" BSP female, 105 x 44mm | F91: Stainless steel | G91: red | H91: Handle, 2x 1/2" BSP female, 105 x 44mm, Stainless steel, red | I91: 46 - Handles in brass or stainless steel.pdf | J91: Confirmed | K91: Accessory - pairs with AKMSH03-/AKRSH03- series robust spray heads
A92: Washdown / cleaning equipment | B92: GRIP-ML1-B | C92: WD-GRIP-ML1-B | D92: Handle, long version | E92: 2x 1/2" BSP female, 115 x 44mm | F92: Brass | G92: blue | H92: Handle, long version, 2x 1/2" BSP female, 115 x 44mm, Brass, blue | I92: 46 - Handles in brass or stainless steel.pdf | J92: Confirmed | K92: Accessory - pairs with AKMSHL1-B/AKRSHL1-B water-saving spray heads
A93: Washdown / cleaning equipment | B93: GRIP-RL1-B | C93: WD-GRIP-RL1-B | D93: Handle, long version | E93: 2x 1/2" BSP female, 115 x 44mm | F93: Stainless steel | G93: blue | H93: Handle, long version, 2x 1/2" BSP female, 115 x 44mm, Stainless steel, blue | I93: 46 - Handles in brass or stainless steel.pdf | J93: Confirmed | K93: Accessory - pairs with AKMSHL1-B/AKRSHL1-B water-saving spray heads
A94: Washdown / cleaning equipment | B94: AKNSH01-B | C94: WD-NSH01-B | D94: Lightweight spray head | E94: 3/4" BSP male | F94: Blue polypropylene (handle/head), brass (nozzle) | H94: Lightweight spray head, 3/4" BSP male, Blue polypropylene (handle/head), brass (nozzle) | I94: 47 - Lightweight spray head.pdf | J94: Confirmed
A95: Washdown / cleaning equipment | B95: TWRWR02XL | C95: WD-TWRWR02XL | D95: Twister XL spray head | E95: 1" BSPP male, 60 degree conical seal | F95: Stainless steel AISI 304, POM, EPDM | H95: Twister XL spray head, 1" BSPP male, 60 degree conical seal, Stainless steel AISI 304, POM, EPDM | I95: 48 - Twister series spray heads.pdf | J95: Confirmed
A96: Washdown / cleaning equipment | B96: TWRWR02L | C96: WD-TWRWR02L | D96: Twister L spray head | E96: 3/4" BSPP male, 60 degree conical seal | F96: Stainless steel AISI 304, POM, EPDM | H96: Twister L spray head, 3/4" BSPP male, 60 degree conical seal, Stainless steel AISI 304, POM, EPDM | I96: 48 - Twister series spray heads.pdf | J96: Confirmed
A97: Washdown / cleaning equipment | B97: TWRWR02M | C97: WD-TWRWR02M | D97: Twister M spray head | E97: 1/2" BSPP male, 60 degree conical seal | F97: Stainless steel AISI 304, POM, EPDM | H97: Twister M spray head, 1/2" BSPP male, 60 degree conical seal, Stainless steel AISI 304, POM, EPDM | I97: 48 - Twister series spray heads.pdf | J97: Confirmed
A98: Washdown / cleaning equipment | B98: TW02L-SL | C98: WD-TW02L-SL | D98: Twister protective sleeve | E98: fits Twister L | F98: EPDM | G98: bright red | H98: Twister protective sleeve, fits Twister L, EPDM, bright red | I98: 48 - Twister series spray heads.pdf | J98: Confirmed | K98: Accessory - optional protective sleeve, not a spray head itself
A99: Washdown / cleaning equipment | B99: TW02XL-SL | C99: WD-TW02XL-SL | D99: Twister protective sleeve | E99: fits Twister XL | F99: EPDM | G99: bright red | H99: Twister protective sleeve, fits Twister XL, EPDM, bright red | I99: 48 - Twister series spray heads.pdf | J99: Confirmed | K99: Accessory - optional protective sleeve, not a spray head itself
A101: Copy of AKBO_Part_Number_Conversion.xlsx (SharePoint: 01 Marketing/04 Brochures/AKBO NL), values as at 28-Sep-2026. Add new AKBO -> Nozzleworks codes here; the Pricelist picks them up.

Sheet Flags
A1: Items to action
A3: 1. AKBO pricelist items with no Nozzleworks part number in the conversion table
A4: AKBO code | B4: Description | C4: Nozzleworks Part No (live)
A5: BMFT001-B-PRIN | B5: Blue Princess economic brass water gun, blue with PRINCESS logo | C5: =IFERROR(INDEX(Conversion!$C$2:$C$500,MATCH($A5,Conversion!$B$2:$B$500,0)),"NOT ASSIGNED")
A6: AKMN011-B-KING | B6: Blue King superior brass water gun without trigger protection, blue with KING logo | C6: =IFERROR(INDEX(Conversion!$C$2:$C$500,MATCH($A6,Conversion!$B$2:$B$500,0)),"NOT ASSIGNED")
A7: AKMNP11-B-KING | B7: Blue King superior brass water gun with trigger protection, blue with KING logo | C7: =IFERROR(INDEX(Conversion!$C$2:$C$500,MATCH($A7,Conversion!$B$2:$B$500,0)),"NOT ASSIGNED")
A8: BRFT003-B-PRIN | B8: Blue Princess economic stainless steel water gun, blue with PRINCESS logo | C8: =IFERROR(INDEX(Conversion!$C$2:$C$500,MATCH($A8,Conversion!$B$2:$B$500,0)),"NOT ASSIGNED")
A9: BRFTP03-B-PRIN | B9: Blue Princess economic stainless steel water gun, with trigger guard and insulation trigger, bue with Princess logo | C9: =IFERROR(INDEX(Conversion!$C$2:$C$500,MATCH($A9,Conversion!$B$2:$B$500,0)),"NOT ASSIGNED")
A10: AKR001-B | B10: St, st. shower head, blue | C10: =IFERROR(INDEX(Conversion!$C$2:$C$500,MATCH($A10,Conversion!$B$2:$B$500,0)),"NOT ASSIGNED")
A11: BABTA01-B | B11: Aluminium "baby" water gun, back trigger, adapter outlet, blue | C11: =IFERROR(INDEX(Conversion!$C$2:$C$500,MATCH($A11,Conversion!$B$2:$B$500,0)),"NOT ASSIGNED")
A12: BABTNAA-B | B12: Aluminium "baby" water gun, back trigger, adapter in/output, blue | C12: =IFERROR(INDEX(Conversion!$C$2:$C$500,MATCH($A12,Conversion!$B$2:$B$500,0)),"NOT ASSIGNED")
A13: BMBTL01-B | B13: Brass "baby" water gun, back trigger, 1/2" male outlet, blue | C13: =IFERROR(INDEX(Conversion!$C$2:$C$500,MATCH($A13,Conversion!$B$2:$B$500,0)),"NOT ASSIGNED")
A14: BMBTA01-B | B14: Brass "baby" water gun, back trigger, adapter output, blue | C14: =IFERROR(INDEX(Conversion!$C$2:$C$500,MATCH($A14,Conversion!$B$2:$B$500,0)),"NOT ASSIGNED")
A15: BMBTA02-B-V | B15: Brass "baby" water gun, back trigger, adapter output, viton seals, blue | C15: =IFERROR(INDEX(Conversion!$C$2:$C$500,MATCH($A15,Conversion!$B$2:$B$500,0)),"NOT ASSIGNED")
A16: AKRSH03-W | B16: St.st. spray head black, white handgrip | C16: =IFERROR(INDEX(Conversion!$C$2:$C$500,MATCH($A16,Conversion!$B$2:$B$500,0)),"NOT ASSIGNED")
... A95: RVSW25C36-1C | B95: St.st. hose tail 25mm x 1" BSP female screw cap with conical seal, 36mm collar | C95: =IFERROR(INDEX(Conversion!$C$2:$C$500,MATCH($A95,Conversion!$B$2:$B$500,0)),"NOT ASSIGNED")
A96: 91 items at build time (column C updates as codes are added to the Conversion sheet).
A98: 2. Weights not printed in the AKBO 2026 catalogue (estimated - please confirm with AKBO)
A99: AKBO code | B99: Estimated kg | C99: Basis
A100: AKMBP01-BL | B100: 1.036 | C100: ESTIMATE - not tabulated; AKMB001-BL + trigger guard (AKMN delta)
A101: AKRB001-BL | B101: 0.84 | C101: ESTIMATE - not tabulated; taken as AKMB001-BL
A102: BABTA01-B | B102: 0.365 | C102: ESTIMATE - not in catalogue; taken as BABTLF1-BL
A103: BABTNAA-B | B103: 0.37 | C103: ESTIMATE - not in catalogue; BABTN01-B + adapters
A104: BMBTL01-B | B104: 0.65 | C104: ESTIMATE - not in catalogue; taken as BMBNN01-B
A105: BMBTA01-B | B105: 0.65 | C105: ESTIMATE - not in catalogue; taken as BMBNN01-B
A106: BMBTA02-B-V | B106: 0.65 | C106: ESTIMATE - not in catalogue; taken as BMBNN01-B
A107: AKMSHHL1-BL | B107: 0.21 | C107: ESTIMATE - AKMSHL1-B 510 g less GRIPML1-B 300 g (p.53/55)
A108: AKRSHHL1-BL | B108: 0.21 | C108: ESTIMATE - AKRSHL1-B 550 g less GRIPRL1-B 340 g (p.53/55)
A109: AKWMS01 | B109: 0.3 | C109: ESTIMATE - weight not in catalogue (p.45)
A110: AKWMM01 | B110: 0.3 | C110: ESTIMATE - weight not in catalogue (p.45)
A111: AKWML01 | B111: 0.3 | C111: ESTIMATE - weight not in catalogue (p.45)
... A184: RVSW25C36-1C | B184: 0.13 | C184: ESTIMATE - catalogue gives dimensions only (p.68-71)
A186: 3. Part-number / data queries
A187: BRFTP03-B-PRIN | C187: Pricelist code BRFTP03 vs catalogue/conversion BRFTP13 - confirm with AKBO.
A188: AKR001-B | C188: Catalogue code is AKRS001-B - confirm with AKBO.
A189: AKMBP01-BL | C189: Catalogue only lists AKMBP01-B-SWM14-3/4 (with swivel) - confirm model.
A190: AKMNP01-B-SW12 | C190: Conversion table: Page 2 technical-data table header spells this "AKMP01-B-SW12" (missing N) - likely a table typo, confirm before use
A191: AKMNP01-B-SW34 | C191: Conversion table: Page 2 technical-data table header spells this "AKMP01-B-SW34" (missing N) - likely a table typo, confirm before use
A192: AKRB001-BL | C192: Conversion table: Page 12 cross-references this as the high-flow AISI316 variant ("full spec page 16"), but page 16 (High-flow cleaning guns) only lists brass "AKMB*" numbers - no matching AKRB* found there. Confirm actual model number with AKBO
A193: AKRHP01-R | C193: Conversion table: Body text calls the base model "AKRHP01-R" but the technical-data table heads its column "AKRHP02-R" - confirm which is correct with AKBO
A194: AKRHP02-R-L40 | C194: Conversion table: Table heading drops the "-R-" and reads "AKRHP02-L40" - confirm exact number with AKBO
A195: BABTLF1-BL | C195: Conversion table: Max-temp table cell shows "(231F)" matching a 95C row, but this model is rated 50C (its sibling BABTLF1-B-V, same 50C rating, correctly shows ~122F) - likely a copy-paste error in AKBO's table; confirm actual max temp with AKBO
A196: AKMSHHL1-BL | C196: Conversion table: Technical-data table only lists dimensions/weight for the with-handle assemblies (AKMSHL1-B/AKRSHL1-B) - head-only weight not separately tabulated on this page
A197: AKRSHHL1-BL | C197: Conversion table: Technical-data table only lists dimensions/weight for the with-handle assemblies - head-only weight not separately tabulated on this page
A198: AKRSHW3-W | C198: Conversion table: Part number breaks the "03" pattern of its blue/red siblings (AKRSH03-B/R) - consistently printed as AKRSHW3-W in both body text and image caption, so likely intentional, but worth confirming with AKBO
... A200: Heavy duty spray guns | C200: AKBO give no >=50 pcs price for most guns - left blank.
